Order Date,Product Name,Category,Region,Quantity,Sales,Profit,Performance,Profit_Margin
31-12-2024,Printer,Office,North,4,3640,348.93,Low,0.09585989
27-11-2022,Mouse,Accessories,East,7,1197,106.53,Low,0.088997494
11-05-2022,Tablet,Electronics,South,5,5865,502.73,Low,0.085716965
16-03-2024,Mouse,Accessories,South,2,786,202.87,Low,0.258104326
10-09-2022,Mouse,Accessories,West,1,509,103.28,Low,0.202907662
01-12-2023,Camera,Electronics,West,1,524,106.35,Low,0.202958015
09-10-2023,Headphones,Accessories,North,7,6167,1027.98,Medium,0.166690449
14-01-2022,Camera,Electronics,South,7,3059,873.5,Low,0.285550834
02-04-2022,Smartwatch,Electronics,East,9,5526,595.28,Low,0.107723489
22-10-2024,Printer,Office,South,8,672,186.37,Low,0.27733631
04-12-2023,Monitor,Accessories,South,6,7074,1357.68,Medium,0.19192536
27-09-2022,Smartwatch,Electronics,East,2,502,137.4,Low,0.273705179
21-12-2023,Tablet,Electronics,North,7,7462,2166.17,High,0.290293487
03-02-2024,Smartphone,Electronics,West,5,4205,585.29,Low,0.139189061
10-10-2023,Camera,Electronics,West,1,570,138.54,Low,0.243052632
16-10-2022,Headphones,Accessories,East,1,441,102.42,Low,0.232244898
15-05-2022,Mouse,Accessories,North,7,7469,589.81,Low,0.078967733
11-02-2023,Tablet,Electronics,South,2,2212,145.75,Low,0.065890597
27-12-2023,Tablet,Electronics,East,5,740,146.39,Low,0.197824324
05-10-2023,Headphones,Accessories,North,1,662,193.92,Low,0.292930514
05-03-2024,Mouse,Accessories,North,7,5712,651.27,Low,0.114017857
18-07-2023,Smartwatch,Electronics,North,3,2739,572.73,Low,0.209101862
25-06-2023,Keyboard,Accessories,West,5,1400,213.63,Low,0.152592857
13-11-2023,Printer,Office,North,3,3477,939.2,Low,0.270117918
09-07-2022,Camera,Electronics,North,5,3475,570.36,Low,0.164132374
11-12-2023,Laptop,Electronics,West,9,6138,1562.14,Medium,0.254503095
18-03-2023,Camera,Electronics,West,5,3665,406.93,Low,0.111031378
09-08-2024,Printer,Office,North,2,2372,206.42,Low,0.087023609
04-05-2024,Laptop,Electronics,North,2,1382,211.11,Low,0.152756874
04-09-2022,Laptop,Electronics,West,1,1126,194.08,Low,0.172362345
21-10-2022,Printer,Office,West,8,1376,152.1,Low,0.110537791
22-01-2024,Mouse,Accessories,West,4,988,147.91,Low,0.149706478
09-04-2023,Laptop,Electronics,North,9,10773,1907.36,Medium,0.177050032
07-02-2023,Headphones,Accessories,South,4,3252,713.46,Low,0.219391144
04-05-2023,Headphones,Accessories,North,3,2739,202.81,Low,0.074045272
18-04-2023,Tablet,Electronics,South,7,2709,702.79,Low,0.259427833
12-12-2022,Printer,Office,West,3,936,201.24,Low,0.215
11-09-2022,Camera,Electronics,West,4,3720,410.92,Low,0.110462366
26-03-2024,Mouse,Accessories,West,5,5320,716.91,Low,0.134757519
20-09-2023,Headphones,Accessories,East,4,804,121.51,Low,0.151131841
25-05-2023,Laptop,Electronics,North,8,1224,246.77,Low,0.201609477
04-12-2022,Headphones,Accessories,South,9,8667,781.78,Low,0.090201915
10-06-2022,Monitor,Accessories,West,3,3018,320.11,Low,0.106066932
05-02-2023,Laptop,Electronics,West,5,4325,1023.39,Medium,0.236621965
20-01-2024,Laptop,Electronics,South,3,1557,181.08,Low,0.116300578
27-01-2022,Monitor,Accessories,South,6,3672,1002.5,Medium,0.273011983
29-03-2023,Mouse,Accessories,West,1,333,72.34,Low,0.217237237
17-01-2022,Headphones,Accessories,West,4,2384,577.26,Low,0.242139262
26-11-2024,Mouse,Accessories,West,6,888,210.39,Low,0.236925676
19-09-2024,Laptop,Electronics,West,5,3280,954.17,Low,0.290905488
20-07-2023,Mouse,Accessories,South,7,1239,177.39,Low,0.143171913
03-05-2024,Headphones,Accessories,East,8,5880,436.85,Low,0.074294218
03-09-2022,Smartphone,Electronics,West,2,1668,437.3,Low,0.262170264
09-07-2024,Printer,Office,West,7,4109,1037.64,Medium,0.252528596
17-11-2022,Smartwatch,Electronics,West,7,595,148.5,Low,0.249579832
28-12-2023,Headphones,Accessories,East,7,8155,1587.91,Medium,0.194716125
30-05-2022,Monitor,Accessories,South,3,1872,553.1,Low,0.295459402
17-04-2024,Smartwatch,Electronics,East,6,2124,126.03,Low,0.059336158
30-09-2024,Monitor,Accessories,West,5,5210,1338.8,Medium,0.25696737
02-06-2024,Mouse,Accessories,South,7,5761,362.48,Low,0.062919632
26-09-2022,Headphones,Accessories,South,7,6895,1596.35,Medium,0.231522843
17-12-2024,Smartwatch,Electronics,East,3,2118,317.08,Low,0.149707271
09-10-2024,Smartwatch,Electronics,North,5,830,58.28,Low,0.070216867
14-07-2023,Smartwatch,Electronics,North,1,851,93.56,Low,0.109941246
05-12-2023,Tablet,Electronics,East,5,4730,1365.63,Medium,0.288716702
03-06-2022,Mouse,Accessories,West,6,5460,845.75,Low,0.154899267
28-12-2024,Headphones,Accessories,East,5,5795,310.6,Low,0.053597929
06-08-2022,Laptop,Electronics,South,4,2008,338.44,Low,0.168545817
06-06-2023,Mouse,Accessories,South,7,2842,425.24,Low,0.149627023
01-02-2024,Mouse,Accessories,East,4,3404,392.22,Low,0.115223267
31-05-2023,Smartwatch,Electronics,West,1,1065,228.63,Low,0.214676056
14-06-2024,Tablet,Electronics,West,7,2149,121.69,Low,0.056626338
14-08-2024,Keyboard,Accessories,East,8,5912,1143.04,Medium,0.193342355
01-02-2023,Mouse,Accessories,West,3,3348,331.28,Low,0.098948626
28-04-2024,Smartphone,Electronics,South,3,2409,531.79,Low,0.220751349
05-04-2024,Tablet,Electronics,North,2,328,39.51,Low,0.120457317
31-01-2024,Smartphone,Electronics,West,8,6224,1561.42,Medium,0.250870823
09-01-2024,Smartwatch,Electronics,North,5,2530,486.09,Low,0.192130435
06-04-2022,Headphones,Accessories,West,4,4108,462.17,Low,0.112504869
22-05-2024,Printer,Office,South,5,1640,391.36,Low,0.238634146
30-12-2023,Laptop,Electronics,South,1,111,19.33,Low,0.174144144
17-03-2022,Headphones,Accessories,North,1,445,128.89,Low,0.289640449
24-05-2022,Printer,Office,North,4,3600,623.72,Low,0.173255556
09-06-2024,Mouse,Accessories,North,3,1335,176.44,Low,0.132164794
01-12-2024,Keyboard,Accessories,South,5,3090,242.15,Low,0.078365696
20-10-2023,Printer,Office,East,5,3910,538.52,Low,0.1377289
05-03-2024,Camera,Electronics,South,1,219,32.67,Low,0.149178082
05-12-2022,Smartphone,Electronics,West,5,390,27.77,Low,0.071205128
05-08-2022,Laptop,Electronics,North,6,3294,359.61,Low,0.10917122
21-03-2023,Keyboard,Accessories,West,4,4572,1038.05,Medium,0.227045057
08-02-2022,Monitor,Accessories,South,7,980,109.94,Low,0.112183673
01-04-2023,Headphones,Accessories,North,2,2262,532.12,Low,0.235243148
14-12-2022,Camera,Electronics,South,7,7518,1655.91,Medium,0.220259377
14-05-2022,Camera,Electronics,South,1,873,158.97,Low,0.18209622
16-02-2022,Mouse,Accessories,North,6,1512,423.03,Low,0.279781746
28-08-2024,Laptop,Electronics,West,1,705,165.16,Low,0.234269504
30-10-2023,Smartwatch,Electronics,North,8,3256,533.7,Low,0.163912776
24-06-2023,Tablet,Electronics,West,4,556,81.77,Low,0.147068345
17-05-2023,Mouse,Accessories,East,9,7101,2105.82,High,0.296552598
06-04-2023,Laptop,Electronics,West,9,8802,1344.96,Medium,0.152801636
26-03-2023,Headphones,Accessories,South,6,5592,1294.16,Medium,0.231430615
12-10-2024,Tablet,Electronics,North,2,1852,168.92,Low,0.091209503
26-06-2022,Monitor,Accessories,East,1,195,57.88,Low,0.296820513
15-04-2022,Mouse,Accessories,East,9,7884,2054.02,High,0.260530188
10-12-2023,Laptop,Electronics,East,5,4360,1160.55,Medium,0.266181193
23-09-2024,Mouse,Accessories,North,6,4920,929.18,Low,0.188857724
01-01-2022,Mouse,Accessories,East,3,3474,565,Low,0.16263673
03-02-2022,Keyboard,Accessories,West,1,930,222.5,Low,0.239247312
14-03-2023,Tablet,Electronics,South,7,1421,248.02,Low,0.174539057
24-08-2022,Headphones,Accessories,North,2,634,161.1,Low,0.254100946
07-07-2024,Camera,Electronics,East,1,673,114.42,Low,0.170014859
13-04-2022,Mouse,Accessories,South,5,3135,787.7,Low,0.251259968
08-05-2024,Smartphone,Electronics,East,6,882,184.48,Low,0.209160998
10-09-2024,Smartphone,Electronics,East,4,1192,212.77,Low,0.178498322
18-06-2024,Printer,Office,South,3,390,112.08,Low,0.287384615
10-09-2024,Tablet,Electronics,North,1,834,95.54,Low,0.114556355
06-05-2022,Smartphone,Electronics,East,6,612,83.75,Low,0.136846405
18-06-2024,Headphones,Accessories,West,9,8073,710.23,Low,0.087975969
29-10-2023,Keyboard,Accessories,North,8,2640,723.88,Low,0.27419697
13-11-2023,Smartphone,Electronics,North,3,3234,440.7,Low,0.136270872
21-08-2022,Monitor,Accessories,West,5,4435,355.51,Low,0.08016009
04-03-2024,Smartwatch,Electronics,North,2,2302,305.07,Low,0.132523892
17-04-2022,Camera,Electronics,East,6,1728,307.44,Low,0.177916667
20-12-2023,Laptop,Electronics,East,4,228,54.05,Low,0.237061404
19-03-2022,Tablet,Electronics,West,6,3450,705.74,Low,0.204562319
07-07-2024,Smartphone,Electronics,South,8,7456,1702.48,Medium,0.22833691
30-04-2023,Smartphone,Electronics,West,6,4728,705.85,Low,0.149291455
22-03-2024,Smartwatch,Electronics,North,7,945,124.62,Low,0.131873016
08-03-2022,Laptop,Electronics,North,4,296,65.05,Low,0.219763514
15-09-2023,Smartphone,Electronics,West,4,640,149.89,Low,0.234203125
01-03-2023,Tablet,Electronics,North,1,797,65.27,Low,0.081894605
24-10-2023,Monitor,Accessories,North,4,1456,431.89,Low,0.296627747
22-04-2024,Monitor,Accessories,South,6,4038,364.11,Low,0.090170877
27-06-2023,Tablet,Electronics,West,7,5656,355.81,Low,0.062908416
13-04-2023,Mouse,Accessories,West,4,3876,302.37,Low,0.078010836
19-05-2023,Keyboard,Accessories,South,6,1002,114.7,Low,0.114471058
15-11-2024,Headphones,Accessories,East,9,2187,413.76,Low,0.189190672
25-12-2023,Mouse,Accessories,North,6,7146,1627.42,Medium,0.227738595
31-03-2022,Keyboard,Accessories,South,1,189,14.88,Low,0.078730159
24-04-2024,Monitor,Accessories,East,5,940,266.02,Low,0.283
10-01-2022,Headphones,Accessories,North,1,951,127.58,Low,0.134153523
17-11-2022,Printer,Office,East,2,124,27.42,Low,0.221129032
29-06-2024,Mouse,Accessories,West,9,7506,594.28,Low,0.079173994
14-11-2022,Monitor,Accessories,West,7,8176,2308.76,High,0.282382583
11-08-2023,Smartphone,Electronics,East,5,2125,632.68,Low,0.297731765
22-05-2024,Headphones,Accessories,North,1,967,59.98,Low,0.062026887
19-03-2022,Headphones,Accessories,South,5,270,29.41,Low,0.108925926
23-10-2022,Keyboard,Accessories,West,9,10035,1486.3,Medium,0.148111609
26-02-2023,Printer,Office,North,8,6792,1125.23,Medium,0.165669906
03-10-2024,Printer,Office,East,1,714,99.13,Low,0.138837535
17-07-2022,Smartphone,Electronics,South,5,765,157.64,Low,0.206065359
04-11-2024,Headphones,Accessories,East,7,4221,358.02,Low,0.084818763
24-02-2023,Laptop,Electronics,North,4,2108,576.48,Low,0.273472486
08-08-2024,Monitor,Accessories,North,9,10530,2387.63,High,0.226745489
14-05-2024,Keyboard,Accessories,South,6,3396,914.17,Low,0.269190224
15-01-2022,Monitor,Accessories,North,4,1060,213.05,Low,0.200990566
10-05-2022,Tablet,Electronics,East,5,480,73.07,Low,0.152229167
10-03-2022,Headphones,Accessories,West,3,2529,285.65,Low,0.112949783
23-01-2022,Smartwatch,Electronics,East,8,4792,511.97,Low,0.106838481
19-09-2024,Smartwatch,Electronics,East,8,8056,605.8,Low,0.07519861
06-06-2024,Tablet,Electronics,North,4,4228,947.76,Low,0.224162725
10-10-2024,Tablet,Electronics,East,1,653,93.78,Low,0.143614089
24-03-2024,Tablet,Electronics,North,9,7452,1212.51,Medium,0.16270934
21-07-2023,Mouse,Accessories,East,4,4128,1156.71,Medium,0.280210756
21-07-2022,Tablet,Electronics,West,5,5090,1201.56,Medium,0.236062868
01-09-2022,Camera,Electronics,North,5,4930,387.33,Low,0.078565923
20-04-2023,Smartwatch,Electronics,South,6,2610,434.37,Low,0.166425287
11-12-2023,Laptop,Electronics,North,3,2139,415.84,Low,0.194408602
29-09-2024,Tablet,Electronics,South,1,226,55.4,Low,0.245132743
20-11-2023,Smartwatch,Electronics,West,2,2244,212.08,Low,0.094509804
15-07-2023,Monitor,Accessories,East,6,3150,578.87,Low,0.183768254
24-12-2023,Laptop,Electronics,South,7,3388,347.19,Low,0.102476387
13-08-2023,Laptop,Electronics,East,8,8736,580.31,Low,0.066427427
24-04-2022,Smartphone,Electronics,South,2,1102,176.53,Low,0.160190563
13-07-2024,Monitor,Accessories,East,3,2640,199.97,Low,0.075746212
11-06-2022,Printer,Office,West,3,2547,300.74,Low,0.118076168
28-10-2024,Laptop,Electronics,North,7,728,64.82,Low,0.089038462
24-11-2022,Camera,Electronics,South,7,3444,607.44,Low,0.176376307
03-10-2024,Camera,Electronics,West,5,3140,853.66,Low,0.271866242
24-03-2024,Smartphone,Electronics,East,3,435,129.27,Low,0.297172414
28-06-2024,Keyboard,Accessories,East,4,856,72.99,Low,0.085268692
31-05-2022,Printer,Office,North,2,112,23.33,Low,0.208303571
25-03-2024,Headphones,Accessories,North,3,2247,507.79,Low,0.225985759
31-01-2023,Keyboard,Accessories,West,2,1512,298.73,Low,0.197572751
23-06-2024,Mouse,Accessories,South,5,4915,1196.6,Medium,0.2434588
16-08-2023,Mouse,Accessories,South,3,2709,663.54,Low,0.244939092
10-06-2023,Tablet,Electronics,North,7,1239,118.36,Low,0.095528652
09-05-2023,Tablet,Electronics,West,2,572,86.16,Low,0.150629371
08-05-2022,Smartwatch,Electronics,North,2,1708,93.25,Low,0.054596019
06-11-2024,Smartwatch,Electronics,North,4,360,42.66,Low,0.1185
08-12-2022,Camera,Electronics,North,6,3822,388.34,Low,0.101606489
25-09-2022,Camera,Electronics,North,6,4680,932.97,Low,0.199352564
10-07-2024,Camera,Electronics,North,5,2520,487.18,Low,0.193325397
29-03-2024,Smartwatch,Electronics,North,2,2138,619.29,Low,0.289658559
11-01-2022,Keyboard,Accessories,West,3,2529,169.6,Low,0.06706208
08-04-2022,Keyboard,Accessories,East,1,236,29.33,Low,0.124279661
21-01-2024,Tablet,Electronics,West,6,2730,636.48,Low,0.233142857
27-04-2023,Headphones,Accessories,North,3,3021,872.49,Low,0.288808342
06-11-2024,Smartwatch,Electronics,North,2,244,16.78,Low,0.068770492
11-05-2022,Camera,Electronics,South,8,728,120.06,Low,0.164917582
02-10-2022,Mouse,Accessories,North,3,453,89.49,Low,0.197549669
12-01-2022,Laptop,Electronics,South,1,379,84.38,Low,0.222638522
09-01-2023,Tablet,Electronics,West,3,2130,510.69,Low,0.239760563
04-05-2023,Monitor,Accessories,North,8,4120,710.11,Low,0.172356796
07-09-2024,Smartwatch,Electronics,South,7,3150,299.7,Low,0.095142857
17-05-2022,Smartwatch,Electronics,East,7,2688,603.07,Low,0.224356399
17-08-2023,Tablet,Electronics,East,2,1752,501.19,Low,0.286067352
07-09-2023,Keyboard,Accessories,North,7,7308,948.4,Low,0.129775588
11-05-2022,Tablet,Electronics,North,3,2007,160.84,Low,0.080139512
12-05-2023,Tablet,Electronics,West,7,7224,479.23,Low,0.066338594
08-05-2023,Monitor,Accessories,South,9,6939,1249.31,Medium,0.180041793
18-02-2023,Smartphone,Electronics,East,7,5516,1475.67,Medium,0.267525381
29-01-2022,Printer,Office,South,2,2224,116.47,Low,0.052369604
12-01-2023,Laptop,Electronics,South,5,3985,824.4,Low,0.206875784
03-01-2022,Camera,Electronics,North,7,2723,638.26,Low,0.234395887
20-10-2022,Tablet,Electronics,North,2,746,170.75,Low,0.228887399
21-08-2024,Laptop,Electronics,West,5,3170,245.25,Low,0.077365931
11-12-2023,Smartwatch,Electronics,East,5,550,63.11,Low,0.114745455
14-08-2022,Tablet,Electronics,North,8,480,132.45,Low,0.2759375
03-06-2024,Printer,Office,East,4,3284,354.4,Low,0.107917174
23-01-2024,Smartwatch,Electronics,South,2,1748,183.75,Low,0.105120137
20-11-2023,Headphones,Accessories,North,8,824,240.84,Low,0.292281553
03-03-2022,Headphones,Accessories,North,4,1872,448.46,Low,0.239561966
20-02-2024,Tablet,Electronics,West,3,627,103.98,Low,0.165837321
09-08-2024,Camera,Electronics,East,9,5661,1104.02,Medium,0.195022081
19-06-2022,Camera,Electronics,North,3,2910,765.47,Low,0.26304811
01-09-2024,Tablet,Electronics,South,9,9036,1087.46,Medium,0.120347499
30-08-2024,Tablet,Electronics,West,5,4815,338.31,Low,0.070261682
12-08-2022,Mouse,Accessories,South,1,1187,206.28,Low,0.173782645
04-08-2022,Headphones,Accessories,East,3,3339,732.92,Low,0.219502845
20-02-2024,Tablet,Electronics,East,1,620,165.43,Low,0.266822581
26-02-2023,Camera,Electronics,West,5,2025,414.42,Low,0.204651852
20-11-2024,Printer,Office,East,5,3030,811.92,Low,0.267960396
12-08-2023,Smartwatch,Electronics,North,5,655,166.69,Low,0.25448855
17-01-2022,Printer,Office,West,2,2238,294.54,Low,0.131608579
12-04-2023,Smartphone,Electronics,South,8,3312,811.31,Low,0.244960749
26-07-2023,Printer,Office,East,9,9387,1271.64,Medium,0.135468201
01-01-2024,Mouse,Accessories,West,6,5790,1285.21,Medium,0.221970639
06-12-2023,Laptop,Electronics,South,6,2700,527.97,Low,0.195544444
05-12-2023,Smartwatch,Electronics,East,8,2072,555.06,Low,0.2678861
27-10-2024,Keyboard,Accessories,North,3,2991,716.54,Low,0.239565363
04-08-2024,Laptop,Electronics,East,6,5568,958.59,Low,0.17216056
01-02-2023,Smartwatch,Electronics,North,7,5509,1648.74,Medium,0.299281176
02-06-2024,Printer,Office,West,7,5922,1323.1,Medium,0.223421142
28-04-2024,Smartphone,Electronics,South,4,4380,362.81,Low,0.082833333
25-03-2022,Tablet,Electronics,South,5,1760,272.68,Low,0.154931818
05-10-2024,Headphones,Accessories,North,9,5571,1523.81,Medium,0.273525399
19-12-2024,Tablet,Electronics,South,2,1082,182.1,Low,0.168299445
18-07-2022,Camera,Electronics,East,1,569,138.11,Low,0.242724077
11-06-2023,Mouse,Accessories,North,8,3416,697.42,Low,0.204162763
13-10-2024,Printer,Office,West,1,570,57.07,Low,0.100122807
07-08-2023,Monitor,Accessories,East,6,3300,386.92,Low,0.117248485
04-12-2022,Laptop,Electronics,South,8,2584,568.77,Low,0.220112229
18-02-2024,Monitor,Accessories,South,9,7650,2204.44,High,0.288162092
05-12-2024,Headphones,Accessories,West,8,3600,272.51,Low,0.075697222
15-12-2023,Monitor,Accessories,West,6,846,190.87,Low,0.225614657
12-08-2023,Smartphone,Electronics,West,1,51,9.36,Low,0.183529412
20-05-2024,Smartwatch,Electronics,South,6,7056,586.91,Low,0.083178855
05-06-2024,Smartwatch,Electronics,West,2,384,38.41,Low,0.100026042
09-01-2022,Laptop,Electronics,South,8,2928,663.54,Low,0.226618852
17-12-2023,Camera,Electronics,West,7,1904,352.86,Low,0.18532563
08-09-2022,Tablet,Electronics,East,2,2314,312.07,Low,0.134861711
22-01-2022,Printer,Office,South,4,1028,192.13,Low,0.186896887
04-09-2024,Headphones,Accessories,South,9,8307,1326.23,Medium,0.159652101
20-01-2024,Printer,Office,West,9,1539,203.54,Low,0.132254711
03-11-2022,Tablet,Electronics,West,7,2506,537.98,Low,0.214676776
03-07-2023,Smartphone,Electronics,West,6,5778,1232.54,Medium,0.213316026
25-01-2024,Tablet,Electronics,East,9,10188,2165.78,High,0.212581468
11-05-2024,Monitor,Accessories,North,1,952,157.7,Low,0.165651261
02-01-2024,Smartwatch,Electronics,West,8,3624,750.86,Low,0.207190949
24-02-2023,Keyboard,Accessories,South,8,7968,1551.12,Medium,0.194668675
20-07-2024,Mouse,Accessories,South,2,1254,250.09,Low,0.199433812
14-06-2023,Printer,Office,West,3,705,196.05,Low,0.278085106
10-04-2022,Mouse,Accessories,West,1,916,223.5,Low,0.243995633
01-10-2024,Printer,Office,North,2,848,129.96,Low,0.153254717
10-05-2022,Monitor,Accessories,East,8,2240,313.17,Low,0.139808036
28-01-2022,Monitor,Accessories,South,1,940,120.35,Low,0.128031915
05-04-2023,Headphones,Accessories,West,5,1550,203.51,Low,0.131296774
22-09-2023,Keyboard,Accessories,South,7,2352,256.4,Low,0.109013605
29-08-2024,Smartwatch,Electronics,North,9,1638,183.75,Low,0.112179487
18-11-2023,Camera,Electronics,North,6,7164,1442.72,Medium,0.201384701
12-09-2023,Mouse,Accessories,East,1,205,54.54,Low,0.26604878
26-05-2023,Keyboard,Accessories,North,2,766,49.23,Low,0.06426893
30-04-2023,Keyboard,Accessories,North,1,168,17.84,Low,0.106190476
01-11-2024,Mouse,Accessories,South,1,1058,207.55,Low,0.196172023
06-05-2022,Keyboard,Accessories,South,5,1455,423.81,Low,0.291278351
10-05-2023,Camera,Electronics,East,2,2224,364.04,Low,0.16368705
04-11-2022,Smartphone,Electronics,West,7,1400,80.49,Low,0.057492857
09-05-2022,Smartphone,Electronics,East,7,7567,2213.18,High,0.292477864
07-11-2022,Tablet,Electronics,East,6,3396,987.68,Low,0.290836278
11-08-2023,Smartwatch,Electronics,East,2,704,135.63,Low,0.19265625
21-10-2024,Tablet,Electronics,East,9,7767,2172.19,High,0.279669113
06-10-2024,Mouse,Accessories,West,5,2050,157.13,Low,0.07664878
08-08-2023,Monitor,Accessories,North,9,10458,2799.48,High,0.267687894
19-01-2022,Camera,Electronics,South,4,4700,619.26,Low,0.131757447
30-04-2024,Smartphone,Electronics,North,2,892,222.51,Low,0.249450673
26-12-2023,Laptop,Electronics,East,8,6968,1479.09,Medium,0.212268944
07-04-2024,Laptop,Electronics,North,7,1344,300.88,Low,0.223869048
18-10-2022,Camera,Electronics,West,1,354,65.99,Low,0.186412429
21-04-2024,Monitor,Accessories,South,3,3051,662.23,Low,0.217053425
26-03-2024,Camera,Electronics,South,3,402,106.87,Low,0.265845771
31-10-2022,Monitor,Accessories,North,5,3570,517.82,Low,0.145047619
03-03-2023,Keyboard,Accessories,North,7,3829,876.35,Low,0.228871768
03-02-2023,Mouse,Accessories,North,7,4676,242.64,Low,0.051890505
15-04-2023,Keyboard,Accessories,East,3,1119,317.36,Low,0.283610366
09-05-2023,Smartphone,Electronics,East,4,4228,764.3,Low,0.18077105
02-01-2022,Headphones,Accessories,North,8,1240,251.2,Low,0.202580645
28-11-2024,Keyboard,Accessories,North,9,3591,342.18,Low,0.095288221
05-02-2022,Printer,Office,West,8,3952,451.08,Low,0.114139676
05-06-2024,Keyboard,Accessories,South,6,3648,1050.08,Medium,0.287850877
15-11-2024,Monitor,Accessories,North,5,3875,768.74,Low,0.198384516
13-11-2023,Smartwatch,Electronics,West,8,3416,478.9,Low,0.140193208
19-02-2022,Tablet,Electronics,West,1,908,222.58,Low,0.245132159
06-05-2024,Headphones,Accessories,South,4,4532,987.32,Low,0.217855252
04-08-2023,Headphones,Accessories,East,4,4168,650.15,Low,0.155986084
23-09-2023,Laptop,Electronics,North,3,3543,941.37,Low,0.265698561
14-09-2024,Laptop,Electronics,East,6,5124,1078.57,Medium,0.210493755
17-03-2023,Smartwatch,Electronics,South,9,5751,1196.23,Medium,0.208003825
29-09-2023,Camera,Electronics,East,2,624,139.64,Low,0.223782051
01-12-2023,Camera,Electronics,South,1,508,151.29,Low,0.297814961
13-09-2023,Headphones,Accessories,South,4,4700,914.6,Low,0.194595745
14-03-2022,Keyboard,Accessories,West,8,3216,639.78,Low,0.198936567
15-07-2023,Laptop,Electronics,West,6,2844,581,Low,0.204289733
29-05-2022,Smartphone,Electronics,West,5,2385,258.6,Low,0.108427673
16-01-2023,Monitor,Accessories,South,8,928,170.05,Low,0.183243534
06-09-2023,Headphones,Accessories,North,6,4656,673.35,Low,0.144619845
29-03-2023,Headphones,Accessories,North,2,330,21.46,Low,0.065030303
01-11-2023,Camera,Electronics,North,7,1799,274.11,Low,0.152367982
25-08-2022,Printer,Office,East,1,1029,173.61,Low,0.168717201
30-12-2022,Headphones,Accessories,North,8,5432,1619.39,Medium,0.298120398
04-09-2024,Camera,Electronics,West,5,5785,1191.11,Medium,0.205896283
08-01-2024,Printer,Office,North,1,1062,272.42,Low,0.256516008
27-12-2022,Keyboard,Accessories,North,1,163,22.07,Low,0.135398773
14-04-2024,Smartphone,Electronics,West,9,9162,1625.62,Medium,0.177430692
10-02-2023,Printer,Office,East,4,1440,130.24,Low,0.090444444
15-07-2023,Monitor,Accessories,South,5,1465,149.62,Low,0.102129693
27-10-2024,Monitor,Accessories,West,2,366,31.23,Low,0.085327869
19-07-2024,Camera,Electronics,South,5,3135,277.28,Low,0.088446571
03-03-2024,Keyboard,Accessories,North,2,630,161.04,Low,0.255619048
12-04-2024,Monitor,Accessories,South,1,213,42.94,Low,0.201596244
20-06-2024,Monitor,Accessories,North,4,3792,1092.85,Medium,0.28819884
21-06-2023,Mouse,Accessories,East,2,1932,109.07,Low,0.056454451
25-01-2023,Keyboard,Accessories,West,4,4152,317.28,Low,0.076416185
17-02-2024,Smartphone,Electronics,North,7,3612,529.57,Low,0.146614064
09-09-2024,Smartphone,Electronics,East,2,2258,280.76,Low,0.124340124
09-07-2022,Camera,Electronics,South,3,594,47.73,Low,0.080353535
01-09-2023,Headphones,Accessories,West,7,8071,1799.06,Medium,0.222904225
30-03-2024,Keyboard,Accessories,North,7,5838,631.45,Low,0.108162042
22-12-2024,Keyboard,Accessories,North,4,692,181.31,Low,0.262008671
08-09-2024,Keyboard,Accessories,South,3,1704,309.06,Low,0.181373239
21-01-2023,Printer,Office,South,5,3235,941.24,Low,0.290955178
12-10-2023,Mouse,Accessories,East,6,4746,545.57,Low,0.114953645
01-08-2022,Smartwatch,Electronics,South,8,7600,788.88,Low,0.1038
03-11-2023,Smartphone,Electronics,West,5,1935,128.01,Low,0.066155039
04-12-2023,Laptop,Electronics,North,3,1638,306.29,Low,0.186990232
30-06-2023,Keyboard,Accessories,West,7,4746,816.6,Low,0.172060683
01-02-2023,Smartphone,Electronics,North,8,4824,1187.93,Medium,0.246254146
09-05-2022,Camera,Electronics,South,1,1193,153.72,Low,0.128851635
16-12-2023,Laptop,Electronics,East,2,562,92.94,Low,0.165373665
20-03-2022,Smartphone,Electronics,North,8,6200,1296.84,Medium,0.209167742
28-07-2024,Printer,Office,North,8,4128,315.48,Low,0.076424419
28-03-2022,Printer,Office,East,5,5405,326.56,Low,0.060418131
06-11-2024,Laptop,Electronics,North,3,1371,104.66,Low,0.076338439
01-01-2023,Keyboard,Accessories,West,5,1405,194.33,Low,0.138313167
18-03-2023,Keyboard,Accessories,North,3,1644,158.32,Low,0.096301703
18-09-2024,Mouse,Accessories,West,6,3414,396.92,Low,0.116262449
19-08-2024,Laptop,Electronics,East,8,3272,674.57,Low,0.206164425
18-06-2022,Smartphone,Electronics,North,3,2655,646.91,Low,0.24365725
29-05-2022,Smartwatch,Electronics,West,7,1673,458.32,Low,0.273950986
09-06-2022,Tablet,Electronics,East,2,846,145.09,Low,0.171501182
03-05-2023,Smartphone,Electronics,East,1,985,196.64,Low,0.199634518
17-11-2023,Smartwatch,Electronics,North,9,7551,894.4,Low,0.118447888
08-02-2022,Tablet,Electronics,North,5,855,217.16,Low,0.253988304
23-10-2023,Camera,Electronics,South,2,396,94.55,Low,0.238762626
24-08-2022,Tablet,Electronics,West,8,2296,560.48,Low,0.244111498
09-05-2024,Monitor,Accessories,North,6,1704,199.94,Low,0.117335681
12-03-2023,Smartphone,Electronics,East,2,1180,261.16,Low,0.221322034
05-10-2022,Smartphone,Electronics,East,3,411,55.73,Low,0.135596107
19-01-2022,Mouse,Accessories,East,1,745,151.22,Low,0.202979866
09-05-2022,Printer,Office,West,9,10656,961.3,Low,0.090212087
23-05-2024,Mouse,Accessories,South,3,1494,178.5,Low,0.119477912
11-07-2024,Camera,Electronics,South,5,1755,358.01,Low,0.203994302
22-08-2022,Camera,Electronics,South,9,4941,894.52,Low,0.181040275
03-11-2024,Smartwatch,Electronics,North,6,6510,1539.18,Medium,0.23643318
11-10-2024,Smartphone,Electronics,South,5,5465,719.92,Low,0.131732845
09-11-2024,Tablet,Electronics,South,3,3522,285.91,Low,0.081178308
01-04-2024,Tablet,Electronics,West,6,1656,139.86,Low,0.084456522
07-07-2022,Printer,Office,North,5,1255,257.15,Low,0.204900398
10-06-2023,Keyboard,Accessories,East,1,1192,320.13,Low,0.268565436
15-05-2023,Tablet,Electronics,West,5,1925,204.74,Low,0.106358442
08-06-2022,Tablet,Electronics,West,8,1688,337.33,Low,0.199840047
26-06-2023,Headphones,Accessories,South,1,260,16.81,Low,0.064653846
19-01-2022,Monitor,Accessories,West,5,4880,1250.66,Medium,0.256282787
10-04-2024,Keyboard,Accessories,West,7,1134,179.74,Low,0.158500882
10-06-2022,Laptop,Electronics,North,9,9621,1201.29,Medium,0.124861241
03-02-2023,Monitor,Accessories,South,4,2836,698.83,Low,0.246413963
15-05-2023,Printer,Office,North,9,5859,1153.89,Medium,0.196943164
11-09-2022,Smartwatch,Electronics,South,2,2044,460.03,Low,0.225063601
01-07-2023,Monitor,Accessories,South,1,612,174.52,Low,0.285163399
18-02-2022,Smartwatch,Electronics,North,3,1890,492.31,Low,0.260481481
30-09-2023,Smartwatch,Electronics,East,5,2025,168.82,Low,0.083367901
04-09-2023,Printer,Office,South,2,1960,312.06,Low,0.159214286
07-07-2022,Camera,Electronics,North,6,4410,893.27,Low,0.202555556
14-07-2024,Keyboard,Accessories,West,8,8272,2391.88,High,0.289153772
27-09-2022,Smartwatch,Electronics,West,6,5712,638.29,Low,0.111745448
20-04-2024,Smartwatch,Electronics,North,6,1524,178.36,Low,0.117034121
24-05-2024,Keyboard,Accessories,North,8,5160,1057.41,Medium,0.204924419
29-12-2024,Mouse,Accessories,East,4,2956,451.6,Low,0.152774019
07-05-2023,Smartphone,Electronics,West,8,7944,2257.73,High,0.28420569
10-09-2024,Camera,Electronics,North,5,1815,535.22,Low,0.294887052
21-03-2023,Headphones,Accessories,North,3,2706,546.97,Low,0.202132299
05-05-2023,Laptop,Electronics,North,2,1356,144.18,Low,0.106327434
27-07-2023,Printer,Office,South,6,6384,1189.19,Medium,0.186276629
13-06-2023,Smartwatch,Electronics,South,9,4248,964.12,Low,0.226958569
02-05-2024,Monitor,Accessories,North,6,3954,676.82,Low,0.171173495
21-04-2024,Smartphone,Electronics,South,6,7110,739.6,Low,0.104022504
25-07-2023,Headphones,Accessories,South,7,8113,995.03,Low,0.12264637
26-01-2023,Headphones,Accessories,North,3,1830,183.62,Low,0.100338798
11-01-2023,Keyboard,Accessories,West,4,3732,671.19,Low,0.179847267
27-09-2024,Mouse,Accessories,West,6,4062,1087.17,Medium,0.267644018
03-12-2024,Smartwatch,Electronics,North,1,496,93.31,Low,0.188125
24-08-2023,Smartwatch,Electronics,East,4,1104,84.31,Low,0.076367754
19-05-2023,Smartphone,Electronics,West,3,2274,662,Low,0.291116974
13-06-2022,Smartwatch,Electronics,North,8,4456,1106.04,Medium,0.248213645
26-08-2022,Mouse,Accessories,West,8,4928,1038.18,Medium,0.210669643
22-01-2023,Smartphone,Electronics,North,4,1740,224.79,Low,0.129189655
08-08-2022,Headphones,Accessories,North,2,178,31.46,Low,0.176741573
19-11-2023,Printer,Office,East,8,5296,1234.81,Medium,0.233158988
28-06-2023,Mouse,Accessories,North,4,4156,847.09,Low,0.203823388
09-10-2024,Printer,Office,North,1,624,106.92,Low,0.171346154
04-09-2022,Smartphone,Electronics,West,4,3892,1052.72,Medium,0.270483042
18-07-2024,Mouse,Accessories,South,9,1620,294.6,Low,0.181851852
22-09-2022,Mouse,Accessories,West,3,2250,301.97,Low,0.134208889
31-07-2024,Monitor,Accessories,West,2,1390,316.31,Low,0.227561151
21-04-2023,Camera,Electronics,South,5,5155,1325.16,Medium,0.257063046
09-07-2022,Smartwatch,Electronics,North,5,1025,262.91,Low,0.256497561
31-07-2024,Mouse,Accessories,South,3,1785,244.52,Low,0.136985994
30-09-2022,Smartwatch,Electronics,North,9,2952,605.85,Low,0.20523374
25-12-2024,Headphones,Accessories,East,1,773,181.52,Low,0.234825356
30-03-2023,Tablet,Electronics,North,8,1640,361.48,Low,0.220414634
02-10-2023,Keyboard,Accessories,East,1,1017,69.33,Low,0.068171091
23-05-2022,Headphones,Accessories,East,4,1964,349.91,Low,0.178161914
05-04-2023,Mouse,Accessories,North,3,2994,638.59,Low,0.213289913
08-10-2023,Printer,Office,East,9,8046,2210.33,High,0.274711658
22-05-2022,Printer,Office,West,2,1874,271.5,Low,0.144877268
19-08-2023,Mouse,Accessories,North,8,6008,871.76,Low,0.145099867
06-09-2023,Camera,Electronics,East,8,7240,411.19,Low,0.056794199
17-06-2024,Monitor,Accessories,South,9,1188,348.31,Low,0.293190236
22-12-2024,Headphones,Accessories,North,9,2997,163.34,Low,0.054501168
02-02-2023,Printer,Office,West,9,7524,2017.85,High,0.268188464
13-10-2022,Monitor,Accessories,North,5,3625,268.73,Low,0.074132414
31-03-2024,Laptop,Electronics,East,8,6952,871.2,Low,0.125316456
29-05-2023,Camera,Electronics,North,9,1053,283.58,Low,0.269306743
21-12-2024,Monitor,Accessories,North,9,6696,1224.22,Medium,0.182828554
09-10-2024,Headphones,Accessories,North,2,1420,93.59,Low,0.065908451
29-12-2023,Camera,Electronics,West,9,9972,2566.01,High,0.2573215
28-11-2022,Laptop,Electronics,South,8,3136,494.26,Low,0.157608418
10-02-2023,Camera,Electronics,West,3,225,20.52,Low,0.0912
12-05-2022,Mouse,Accessories,East,3,1662,375.04,Low,0.225655836
03-05-2024,Printer,Office,West,4,500,85.96,Low,0.17192
02-08-2022,Smartphone,Electronics,North,8,3168,747.33,Low,0.235899621
31-12-2023,Smartphone,Electronics,East,1,622,104.57,Low,0.168118971
03-04-2022,Tablet,Electronics,North,3,1233,361.12,Low,0.292879157
19-01-2024,Laptop,Electronics,West,3,573,116.14,Low,0.202687609
18-02-2022,Tablet,Electronics,South,1,702,129.34,Low,0.184245014
14-05-2024,Laptop,Electronics,South,8,4832,1261.06,Medium,0.26098096
17-01-2023,Printer,Office,North,5,3765,670.8,Low,0.178167331
05-05-2024,Camera,Electronics,North,8,6928,1415.16,Medium,0.204266744
01-02-2023,Headphones,Accessories,West,7,1624,436.13,Low,0.268552956
01-04-2023,Headphones,Accessories,North,1,68,10.39,Low,0.152794118
04-06-2023,Mouse,Accessories,North,1,651,187.99,Low,0.288771121
16-09-2024,Printer,Office,North,7,6293,718.49,Low,0.114172891
16-02-2023,Keyboard,Accessories,West,2,1068,85.71,Low,0.080252809
17-10-2023,Keyboard,Accessories,North,1,381,26.69,Low,0.070052493
21-07-2022,Printer,Office,South,2,2016,426.43,Low,0.211522817
10-02-2024,Headphones,Accessories,West,2,1224,340.67,Low,0.278325163
23-10-2022,Monitor,Accessories,South,5,2180,400.01,Low,0.183490826
12-09-2024,Laptop,Electronics,North,9,2853,353.09,Low,0.123760953
04-10-2022,Mouse,Accessories,South,1,272,45.33,Low,0.166654412
14-03-2022,Smartphone,Electronics,North,4,2640,183.23,Low,0.069405303
26-04-2024,Monitor,Accessories,North,2,488,129.02,Low,0.264385246
10-11-2023,Printer,Office,South,8,9184,1795.93,Medium,0.195549869
12-04-2024,Tablet,Electronics,North,5,280,23.98,Low,0.085642857
03-10-2024,Keyboard,Accessories,East,3,2889,604.45,Low,0.209224645
18-07-2024,Laptop,Electronics,West,1,625,125.9,Low,0.20144
16-04-2024,Keyboard,Accessories,South,8,7056,538.48,Low,0.076315193
11-07-2023,Tablet,Electronics,West,8,3936,720.2,Low,0.182977642
19-09-2022,Smartwatch,Electronics,East,6,2472,363.38,Low,0.146998382
19-06-2022,Mouse,Accessories,West,5,855,67.57,Low,0.07902924
25-02-2024,Mouse,Accessories,West,3,3480,560.39,Low,0.161031609
07-03-2023,Camera,Electronics,South,1,846,103.3,Low,0.122104019
09-03-2022,Keyboard,Accessories,North,1,158,46.24,Low,0.292658228
31-12-2022,Mouse,Accessories,South,9,3186,583.24,Low,0.183063402
01-02-2024,Mouse,Accessories,North,7,6972,969.43,Low,0.139046185
15-04-2024,Mouse,Accessories,East,5,1745,449.64,Low,0.257673352
15-05-2024,Laptop,Electronics,East,8,4256,372.95,Low,0.087629229
14-04-2022,Keyboard,Accessories,South,3,1674,499.63,Low,0.298464755
25-09-2024,Camera,Electronics,North,8,6488,1072.86,Medium,0.165360666
05-03-2022,Tablet,Electronics,East,5,3530,803.86,Low,0.22772238
03-09-2022,Mouse,Accessories,North,2,632,87.45,Low,0.138370253
09-11-2024,Monitor,Accessories,North,7,3675,236.8,Low,0.064435374
12-09-2023,Smartwatch,Electronics,West,6,5592,926.42,Low,0.165668813
11-02-2023,Keyboard,Accessories,East,6,6432,807.94,Low,0.125612562
27-08-2023,Camera,Electronics,East,3,3069,503.3,Low,0.163994787
26-05-2023,Keyboard,Accessories,North,7,2898,490.11,Low,0.169120083
30-05-2024,Tablet,Electronics,North,4,3960,632.76,Low,0.159787879
31-07-2024,Tablet,Electronics,South,3,1476,85.16,Low,0.057696477
14-11-2023,Printer,Office,East,2,1058,298.69,Low,0.28231569
27-11-2023,Monitor,Accessories,South,5,1215,162.02,Low,0.133349794
04-03-2024,Camera,Electronics,North,3,204,20.43,Low,0.100147059
24-12-2024,Tablet,Electronics,West,7,4137,221.66,Low,0.053579889
21-05-2022,Camera,Electronics,West,5,250,16.81,Low,0.06724
14-09-2022,Tablet,Electronics,West,5,1185,254.34,Low,0.214632911
12-03-2024,Headphones,Accessories,South,2,1504,108.52,Low,0.072154255
28-06-2024,Keyboard,Accessories,West,6,6888,945.07,Low,0.137205285
25-12-2024,Smartphone,Electronics,West,3,3588,958.84,Low,0.267235229
18-11-2022,Laptop,Electronics,South,7,1477,367.22,Low,0.248625592
22-10-2022,Smartwatch,Electronics,East,8,1280,131.56,Low,0.10278125
16-11-2024,Tablet,Electronics,South,7,7161,630.76,Low,0.08808267
13-03-2023,Printer,Office,North,5,1850,346.4,Low,0.187243243
27-12-2023,Mouse,Accessories,East,3,3378,520.31,Low,0.154029011
30-10-2024,Laptop,Electronics,West,7,7672,2046.38,High,0.266733577
03-11-2024,Tablet,Electronics,South,6,4254,938.66,Low,0.220653503
19-11-2024,Keyboard,Accessories,East,5,2285,279.9,Low,0.12249453
29-04-2024,Keyboard,Accessories,West,7,5775,680.6,Low,0.117852814
21-10-2022,Smartphone,Electronics,North,9,9360,910.35,Low,0.097259615
25-01-2023,Printer,Office,North,8,6936,1156.52,Medium,0.166741638
17-05-2022,Camera,Electronics,East,9,5634,464.71,Low,0.082483138
29-03-2024,Smartphone,Electronics,North,4,2644,731.86,Low,0.276800303
22-11-2023,Headphones,Accessories,North,1,247,35.65,Low,0.144331984
24-09-2023,Laptop,Electronics,East,7,1869,357.27,Low,0.191155698
17-07-2024,Smartwatch,Electronics,West,7,1988,430.59,Low,0.216594567
17-06-2023,Laptop,Electronics,West,4,1920,549.11,Low,0.285994792
20-05-2024,Headphones,Accessories,West,3,2577,196.37,Low,0.076201009
10-06-2024,Camera,Electronics,East,3,828,117.95,Low,0.142451691
31-01-2022,Camera,Electronics,South,2,1580,403.76,Low,0.255544304
13-09-2023,Camera,Electronics,East,9,9009,1909.26,Medium,0.211928072
01-10-2022,Smartphone,Electronics,East,9,7425,1580.86,Medium,0.212910438
24-12-2024,Monitor,Accessories,West,5,2945,672.35,Low,0.228302207
19-07-2023,Mouse,Accessories,West,3,294,22.9,Low,0.077891156
17-05-2024,Mouse,Accessories,South,5,5875,789.23,Low,0.134337021
17-01-2022,Smartwatch,Electronics,West,3,1308,197.6,Low,0.151070336
10-01-2024,Monitor,Accessories,South,4,2360,391.82,Low,0.166025424
10-04-2023,Smartwatch,Electronics,West,6,1008,245.45,Low,0.243501984
27-10-2023,Smartwatch,Electronics,North,6,1344,338.4,Low,0.251785714
12-01-2022,Printer,Office,West,7,5635,1185.97,Medium,0.210464951
15-09-2023,Mouse,Accessories,East,4,4088,1200.03,Medium,0.293549413
04-12-2024,Camera,Electronics,South,8,2192,441.77,Low,0.201537409
06-06-2022,Keyboard,Accessories,South,8,1952,444.15,Low,0.227535861
28-01-2023,Smartphone,Electronics,East,7,3955,1144.76,Medium,0.289446271
24-06-2023,Mouse,Accessories,South,8,5256,1118.16,Medium,0.212739726
28-12-2022,Camera,Electronics,North,1,1163,115.09,Low,0.098959587
24-09-2022,Smartwatch,Electronics,North,9,5004,973.65,Low,0.194574341
06-05-2023,Mouse,Accessories,North,8,9128,1342.19,Medium,0.147040973
13-07-2023,Laptop,Electronics,East,4,4700,576.34,Low,0.122625532
05-01-2022,Camera,Electronics,West,2,1686,146.39,Low,0.086826809
03-08-2024,Keyboard,Accessories,South,9,4572,279.54,Low,0.061141732
21-08-2023,Smartphone,Electronics,South,5,2510,515.12,Low,0.205227092
04-06-2023,Smartphone,Electronics,West,3,3117,829.09,Low,0.265989734
12-05-2024,Laptop,Electronics,West,1,380,94.35,Low,0.248289474
14-07-2023,Monitor,Accessories,West,9,2889,604.19,Low,0.209134649
08-11-2024,Smartwatch,Electronics,East,9,3654,581.9,Low,0.159250137
12-09-2023,Printer,Office,East,6,5610,298.77,Low,0.053256684
27-04-2024,Smartphone,Electronics,South,1,668,99.4,Low,0.148802395
08-01-2022,Smartphone,Electronics,South,7,3983,360.13,Low,0.090416771
24-01-2024,Keyboard,Accessories,South,1,1112,272.81,Low,0.245332734
20-06-2022,Monitor,Accessories,North,9,4230,221.06,Low,0.052260047
01-08-2024,Tablet,Electronics,East,8,2968,530.3,Low,0.178672507
10-01-2022,Monitor,Accessories,West,5,4690,706.74,Low,0.150690832
09-05-2022,Camera,Electronics,West,6,4296,1240.31,Medium,0.288712756
19-12-2023,Camera,Electronics,North,7,7203,523.52,Low,0.072680827
20-11-2022,Smartphone,Electronics,North,4,3640,695.31,Low,0.191019231
11-11-2022,Smartphone,Electronics,East,1,1131,304.62,Low,0.26933687
03-01-2024,Camera,Electronics,West,9,3627,797.53,Low,0.219886959
11-08-2023,Mouse,Accessories,South,8,7968,1249.98,Medium,0.156875
23-11-2022,Headphones,Accessories,South,3,3546,490.28,Low,0.138262831
01-03-2024,Tablet,Electronics,South,5,2270,546.56,Low,0.24077533
07-07-2023,Keyboard,Accessories,West,2,1354,136.91,Low,0.101115214
20-04-2023,Headphones,Accessories,West,7,6811,1423.57,Medium,0.209010424
09-02-2022,Smartwatch,Electronics,East,3,1410,232.65,Low,0.165
17-10-2022,Keyboard,Accessories,North,2,1170,249.99,Low,0.213666667
04-08-2023,Laptop,Electronics,East,7,4739,740.74,Low,0.156307238
01-12-2023,Mouse,Accessories,South,9,7866,1554.38,Medium,0.197607424
31-07-2022,Monitor,Accessories,East,5,3645,388.31,Low,0.106532236
24-02-2023,Headphones,Accessories,East,6,5358,568.34,Low,0.106073162
18-05-2024,Camera,Electronics,North,5,1775,486.37,Low,0.274011268
19-05-2023,Headphones,Accessories,South,9,4905,1351.25,Medium,0.2754842
29-09-2022,Mouse,Accessories,East,6,4260,372.33,Low,0.087401408
03-09-2024,Printer,Office,East,2,1632,292.78,Low,0.17939951
12-03-2023,Smartwatch,Electronics,East,6,3324,466.78,Low,0.140427196
17-07-2023,Camera,Electronics,West,5,4590,347.14,Low,0.07562963
14-04-2022,Laptop,Electronics,East,9,8496,2182.42,High,0.256876177
16-06-2022,Printer,Office,North,6,6444,518.79,Low,0.080507449
14-03-2022,Camera,Electronics,North,1,812,51.13,Low,0.06296798
15-07-2023,Monitor,Accessories,West,6,1764,465.93,Low,0.264132653
13-05-2024,Printer,Office,West,1,1012,172.67,Low,0.17062253
03-05-2023,Keyboard,Accessories,South,2,836,47.07,Low,0.056303828
29-12-2023,Smartwatch,Electronics,East,1,723,115.26,Low,0.159419087
05-12-2022,Headphones,Accessories,North,6,5628,1033.15,Medium,0.183573205
26-09-2024,Laptop,Electronics,North,5,1660,283.14,Low,0.170566265
28-03-2023,Headphones,Accessories,West,3,2295,244.83,Low,0.106679739
19-04-2024,Printer,Office,East,2,2190,477.8,Low,0.218173516
11-10-2024,Tablet,Electronics,East,7,3500,919.35,Low,0.262671429
23-04-2022,Headphones,Accessories,West,2,1098,239.92,Low,0.218506375
01-06-2023,Mouse,Accessories,North,5,945,194.03,Low,0.205322751
19-02-2022,Mouse,Accessories,West,6,5622,1382.67,Medium,0.245939168
13-07-2023,Camera,Electronics,East,3,2325,309.49,Low,0.133113978
03-08-2022,Keyboard,Accessories,South,1,1157,252.08,Low,0.217873812
30-01-2024,Printer,Office,West,3,531,126.24,Low,0.237740113
23-07-2023,Tablet,Electronics,West,2,1760,278.09,Low,0.158005682
12-11-2023,Smartwatch,Electronics,North,1,371,108.58,Low,0.292668464
15-10-2024,Smartphone,Electronics,East,4,1896,191.7,Low,0.101107595
09-08-2023,Smartwatch,Electronics,South,2,514,106.75,Low,0.207684825
18-08-2022,Monitor,Accessories,West,7,1876,129.25,Low,0.068896588
19-08-2023,Camera,Electronics,East,6,1182,236.12,Low,0.199763113
14-03-2022,Smartphone,Electronics,North,5,4255,961.41,Low,0.225948296
15-09-2022,Monitor,Accessories,North,9,1341,150.7,Low,0.112378822
23-09-2022,Keyboard,Accessories,North,1,644,49.25,Low,0.076475155
17-05-2024,Monitor,Accessories,South,3,1827,94.4,Low,0.051669403
27-10-2024,Camera,Electronics,North,1,930,136.16,Low,0.146408602
15-02-2022,Camera,Electronics,South,4,528,152.8,Low,0.289393939
23-02-2022,Monitor,Accessories,South,6,4236,739.22,Low,0.174508971
14-01-2023,Headphones,Accessories,North,4,1664,190.82,Low,0.114675481
12-01-2023,Smartwatch,Electronics,North,3,2727,554.46,Low,0.203322332
08-02-2022,Smartwatch,Electronics,North,2,522,52.73,Low,0.101015326
06-12-2024,Mouse,Accessories,West,7,8288,1945.03,Medium,0.234680261
12-03-2024,Laptop,Electronics,West,9,1062,73.58,Low,0.069284369
01-10-2023,Smartphone,Electronics,East,3,1140,226.52,Low,0.198701754
12-04-2024,Keyboard,Accessories,East,8,3488,712.24,Low,0.204197248
22-12-2023,Tablet,Electronics,North,8,5920,1436.7,Medium,0.242685811
06-03-2024,Monitor,Accessories,North,9,3096,362.89,Low,0.117212532
02-05-2024,Monitor,Accessories,South,5,3490,205.04,Low,0.058750716
02-04-2022,Smartwatch,Electronics,South,6,4374,702.62,Low,0.160635574
11-02-2024,Smartphone,Electronics,South,6,3366,541.86,Low,0.160980392
02-04-2024,Printer,Office,East,6,822,231.62,Low,0.281776156
27-11-2024,Monitor,Accessories,North,2,340,39.12,Low,0.115058824
30-08-2022,Mouse,Accessories,East,1,763,217.94,Low,0.285635649
15-07-2022,Headphones,Accessories,West,4,3408,856.98,Low,0.251461268
21-02-2022,Tablet,Electronics,West,7,2282,537.71,Low,0.235631025
14-09-2023,Camera,Electronics,South,7,4151,1047.43,Medium,0.252331968
08-04-2024,Laptop,Electronics,North,7,6279,1689.55,Medium,0.269079471
24-10-2023,Monitor,Accessories,North,3,474,83.32,Low,0.175780591
16-04-2023,Monitor,Accessories,West,5,680,176.44,Low,0.259470588
15-10-2023,Headphones,Accessories,West,9,8496,1721.6,Medium,0.202636535
20-08-2023,Keyboard,Accessories,South,7,7826,714.68,Low,0.091321237
24-10-2023,Mouse,Accessories,South,6,4014,717.44,Low,0.178734429
26-07-2024,Laptop,Electronics,East,1,687,62.82,Low,0.091441048
31-10-2024,Smartwatch,Electronics,South,3,2943,234.27,Low,0.079602446
28-04-2022,Printer,Office,East,7,5649,660.37,Low,0.116900336
15-08-2024,Tablet,Electronics,North,8,3296,623.67,Low,0.189220267
28-09-2024,Headphones,Accessories,North,3,1137,173.92,Low,0.15296394
18-07-2024,Smartphone,Electronics,North,2,380,101.7,Low,0.267631579
22-10-2022,Laptop,Electronics,West,5,4405,1247.86,Medium,0.283282633
01-11-2022,Tablet,Electronics,East,1,120,9.43,Low,0.078583333
13-06-2023,Printer,Office,East,1,1176,182.07,Low,0.154821429
20-02-2023,Camera,Electronics,South,3,1770,366.58,Low,0.207107345
20-05-2023,Camera,Electronics,South,6,4302,965.02,Low,0.224318921
19-12-2023,Camera,Electronics,North,3,2988,362.68,Low,0.121378849
17-06-2024,Headphones,Accessories,East,3,3033,458.41,Low,0.151140785
14-07-2023,Mouse,Accessories,South,9,6363,1752.65,Medium,0.275443973
04-07-2022,Tablet,Electronics,West,6,3402,501.29,Low,0.147351558
23-03-2022,Keyboard,Accessories,South,4,3496,1032.81,Medium,0.295426201
19-11-2022,Monitor,Accessories,East,4,1080,204.95,Low,0.189768519
28-02-2022,Headphones,Accessories,East,6,1530,218.99,Low,0.143130719
11-09-2023,Keyboard,Accessories,West,4,3568,764.2,Low,0.214181614
13-11-2022,Smartphone,Electronics,West,1,954,48.97,Low,0.051331237
17-03-2024,Camera,Electronics,West,4,1196,223.66,Low,0.187006689
13-02-2022,Smartwatch,Electronics,North,4,2136,217.47,Low,0.101811798
13-07-2024,Printer,Office,South,9,8496,2316.03,High,0.272602401
07-05-2024,Laptop,Electronics,West,7,7280,1450.82,Medium,0.199288462
24-09-2022,Smartwatch,Electronics,South,5,4935,625.39,Low,0.126725431
12-08-2024,Tablet,Electronics,South,8,9056,872.48,Low,0.096342756
06-01-2023,Smartwatch,Electronics,South,1,563,46.96,Low,0.083410302
03-03-2022,Printer,Office,South,2,1570,247.7,Low,0.157770701
02-03-2022,Camera,Electronics,North,3,2181,517.02,Low,0.237056396
25-09-2024,Mouse,Accessories,North,4,3808,442.33,Low,0.116158088
06-12-2022,Keyboard,Accessories,West,7,6552,635.09,Low,0.096930708
18-06-2023,Laptop,Electronics,South,8,6544,1086.29,Medium,0.165997861
21-11-2023,Mouse,Accessories,West,3,2631,157.19,Low,0.059745344
31-03-2023,Monitor,Accessories,West,9,945,94.75,Low,0.10026455
11-06-2024,Monitor,Accessories,West,2,760,192.42,Low,0.253184211
25-04-2023,Monitor,Accessories,North,4,1392,394.48,Low,0.283390805
17-12-2022,Smartwatch,Electronics,East,3,1242,206.74,Low,0.166457327
05-07-2024,Laptop,Electronics,East,3,3183,868.73,Low,0.272928055
07-04-2023,Monitor,Accessories,West,5,4260,229.77,Low,0.05393662
26-07-2022,Smartphone,Electronics,West,1,1041,132.46,Low,0.127243036
18-05-2022,Smartwatch,Electronics,East,3,1692,348.81,Low,0.206152482
15-03-2022,Camera,Electronics,North,4,1728,403.06,Low,0.233252315
13-10-2023,Camera,Electronics,South,4,4484,893.27,Low,0.199212756
19-06-2024,Smartphone,Electronics,East,7,4123,750.05,Low,0.181918506
03-11-2024,Mouse,Accessories,East,2,2372,392.07,Low,0.165290894
16-04-2023,Smartphone,Electronics,East,7,5201,745.2,Low,0.143280138
27-09-2024,Mouse,Accessories,South,5,3100,695.28,Low,0.224283871
12-07-2022,Smartwatch,Electronics,East,6,5292,1105.95,Medium,0.208985261
06-03-2023,Tablet,Electronics,South,6,5952,971.53,Low,0.163227487
10-01-2023,Smartphone,Electronics,East,4,1932,472.91,Low,0.244777433
05-10-2023,Tablet,Electronics,West,6,3486,1011.74,Medium,0.290229489
25-05-2024,Tablet,Electronics,West,2,1708,441.43,Low,0.258448478
12-09-2024,Monitor,Accessories,South,4,4324,288.12,Low,0.066632747
30-07-2024,Laptop,Electronics,South,4,2708,302.14,Low,0.111573117
29-03-2022,Printer,Office,West,8,7944,1142.83,Medium,0.143860775
10-04-2023,Camera,Electronics,East,3,684,39.33,Low,0.0575
01-01-2023,Printer,Office,West,9,5904,1440.45,Medium,0.243978659
20-03-2024,Printer,Office,South,5,4970,1080.12,Medium,0.217327968
02-02-2024,Headphones,Accessories,West,2,2288,234.97,Low,0.102696678
18-07-2023,Smartphone,Electronics,East,6,4662,350.79,Low,0.07524453
25-02-2022,Mouse,Accessories,East,4,2532,404.96,Low,0.159936809
19-12-2024,Tablet,Electronics,South,8,9328,1008.6,Medium,0.108126072
05-02-2022,Printer,Office,North,1,686,86.18,Low,0.125626822
29-02-2024,Smartwatch,Electronics,South,6,1290,343.35,Low,0.266162791
26-08-2022,Printer,Office,West,5,1205,235.19,Low,0.195178423
17-09-2024,Headphones,Accessories,South,7,7966,1313.56,Medium,0.164895807
14-08-2022,Camera,Electronics,North,7,1085,130.72,Low,0.120479263
29-08-2024,Monitor,Accessories,West,9,6633,1239.11,Medium,0.18680989
21-11-2024,Laptop,Electronics,North,7,5096,971.5,Low,0.190639717
20-07-2022,Tablet,Electronics,East,4,4120,710.07,Low,0.172347087
15-08-2022,Monitor,Accessories,West,3,1479,207.58,Low,0.140351589
09-04-2024,Smartphone,Electronics,West,7,1652,397.49,Low,0.24061138
07-07-2022,Laptop,Electronics,South,1,1028,240.61,Low,0.23405642
01-05-2023,Monitor,Accessories,East,4,4580,655.14,Low,0.143043668
28-01-2024,Monitor,Accessories,South,8,2152,196.53,Low,0.091324349
04-07-2022,Monitor,Accessories,South,6,4566,866.13,Low,0.189691196
06-04-2024,Headphones,Accessories,East,3,2244,301.53,Low,0.134371658
01-02-2024,Mouse,Accessories,West,4,1344,140.52,Low,0.104553571
01-10-2023,Printer,Office,South,6,2622,131.53,Low,0.050163997
03-12-2022,Smartphone,Electronics,South,1,325,46.84,Low,0.144123077
17-12-2024,Keyboard,Accessories,West,1,960,95.88,Low,0.099875
30-11-2023,Smartphone,Electronics,North,7,2639,268.88,Low,0.101887078
05-06-2024,Printer,Office,South,5,1025,246.15,Low,0.240146341
13-01-2022,Monitor,Accessories,West,2,1924,434.86,Low,0.226018711
29-08-2023,Smartphone,Electronics,North,2,1660,362.88,Low,0.21860241
23-05-2022,Printer,Office,North,1,985,105.09,Low,0.106690355
14-07-2024,Keyboard,Accessories,North,5,2600,537.11,Low,0.206580769
21-10-2024,Camera,Electronics,West,4,2792,725.35,Low,0.259795845
31-08-2024,Headphones,Accessories,North,2,378,87.37,Low,0.231137566
17-04-2022,Camera,Electronics,West,8,968,271.61,Low,0.280588843
12-05-2024,Smartwatch,Electronics,North,3,564,108.35,Low,0.192109929
25-01-2023,Laptop,Electronics,South,5,2365,667.61,Low,0.282287526
01-04-2024,Smartphone,Electronics,West,6,3252,834.84,Low,0.256715867
05-05-2024,Camera,Electronics,North,1,276,42.68,Low,0.154637681
20-05-2024,Mouse,Accessories,West,3,3408,205.76,Low,0.060375587
20-10-2022,Laptop,Electronics,East,6,1398,180.88,Low,0.129384835
27-02-2022,Keyboard,Accessories,North,4,904,108.85,Low,0.120409292
01-12-2023,Keyboard,Accessories,South,1,1178,161.06,Low,0.13672326
29-07-2022,Headphones,Accessories,West,3,2535,292.19,Low,0.115262327
17-04-2023,Tablet,Electronics,West,1,496,146.92,Low,0.296209677
30-06-2024,Smartphone,Electronics,West,4,3888,284.17,Low,0.073088992
12-03-2024,Tablet,Electronics,East,7,4921,798.16,Low,0.162194676
04-07-2024,Smartwatch,Electronics,West,8,4472,290.79,Low,0.065024597
09-04-2023,Tablet,Electronics,North,3,603,153.37,Low,0.254344942
10-03-2023,Headphones,Accessories,West,9,1899,501.4,Low,0.264033702
03-01-2023,Printer,Office,North,4,544,67.84,Low,0.124705882
29-05-2022,Monitor,Accessories,North,9,6471,1844.59,Medium,0.28505486
22-03-2023,Keyboard,Accessories,North,1,677,54.14,Low,0.079970458
07-09-2022,Laptop,Electronics,South,4,1372,302.58,Low,0.220539359
08-06-2024,Keyboard,Accessories,North,9,7542,1477.49,Medium,0.195901618
16-04-2023,Monitor,Accessories,West,1,924,125.65,Low,0.135984848
11-07-2022,Smartphone,Electronics,East,5,3940,755.11,Low,0.191652284
05-10-2024,Tablet,Electronics,West,2,374,49.26,Low,0.13171123
19-03-2023,Printer,Office,North,5,1800,252.69,Low,0.140383333
26-12-2022,Monitor,Accessories,West,5,3170,868.34,Low,0.27392429
17-08-2024,Headphones,Accessories,North,7,5362,1029.47,Medium,0.191993659
05-11-2023,Monitor,Accessories,East,9,5976,1747.57,Medium,0.292431392
06-07-2023,Keyboard,Accessories,North,9,8514,1400.4,Medium,0.16448203
25-11-2023,Laptop,Electronics,South,1,810,157.47,Low,0.194407407
08-01-2022,Mouse,Accessories,South,1,71,12.02,Low,0.169295775
15-06-2022,Laptop,Electronics,North,1,651,57.94,Low,0.089001536
13-03-2022,Monitor,Accessories,North,3,1245,119.11,Low,0.095670683
06-11-2023,Monitor,Accessories,West,1,464,58.38,Low,0.125818966
11-02-2023,Monitor,Accessories,North,5,5155,356.43,Low,0.06914258
11-12-2023,Smartphone,Electronics,East,5,5175,786.27,Low,0.151936232
13-01-2022,Smartphone,Electronics,East,2,1668,470.42,Low,0.282026379
30-09-2024,Printer,Office,East,3,1872,532.81,Low,0.284620726
16-01-2023,Laptop,Electronics,North,3,513,132.56,Low,0.258401559
05-04-2024,Printer,Office,West,2,2276,366.5,Low,0.16102812
02-01-2024,Mouse,Accessories,West,4,3428,305.79,Low,0.089203617
02-03-2024,Keyboard,Accessories,East,2,1640,176.87,Low,0.107847561
25-05-2024,Camera,Electronics,East,7,7077,1921.73,Medium,0.271545853
20-10-2023,Printer,Office,South,9,9225,1391.15,Medium,0.150802168
20-06-2022,Mouse,Accessories,South,5,3910,584.77,Low,0.149557545
09-05-2023,Printer,Office,West,5,1995,369.22,Low,0.185072682
31-08-2023,Keyboard,Accessories,North,7,385,43.43,Low,0.112805195
23-03-2023,Mouse,Accessories,East,4,4316,566.7,Low,0.131302132
28-04-2024,Smartwatch,Electronics,North,1,1169,340.69,Low,0.291437126
30-03-2023,Headphones,Accessories,East,5,2325,506.32,Low,0.217772043
18-02-2024,Monitor,Accessories,North,1,199,48.92,Low,0.245829146
13-08-2022,Smartwatch,Electronics,South,3,375,80.58,Low,0.21488
05-05-2022,Laptop,Electronics,East,9,8010,763.32,Low,0.09529588
03-01-2023,Mouse,Accessories,East,4,316,77.13,Low,0.244082278
14-11-2024,Camera,Electronics,South,9,5895,442.49,Low,0.075061917
09-04-2022,Headphones,Accessories,East,4,388,35.21,Low,0.090747423
12-06-2024,Mouse,Accessories,West,5,3670,462.97,Low,0.126149864
15-10-2024,Smartphone,Electronics,East,9,7731,2178.05,High,0.281729401
18-10-2023,Laptop,Electronics,South,3,1596,91.23,Low,0.057161654
06-04-2024,Camera,Electronics,East,4,4192,216.16,Low,0.051564885
29-07-2023,Tablet,Electronics,West,7,5264,756.33,Low,0.143679711
04-06-2023,Laptop,Electronics,North,1,425,48.81,Low,0.114847059
17-03-2022,Smartwatch,Electronics,North,4,3380,211.72,Low,0.062639053
07-03-2024,Printer,Office,East,7,8379,2009.05,High,0.239772049
05-03-2022,Keyboard,Accessories,North,4,2040,393.72,Low,0.193
17-04-2024,Printer,Office,East,4,1336,116.65,Low,0.087312874
22-08-2024,Keyboard,Accessories,South,2,1934,157.41,Low,0.0813909
09-04-2024,Keyboard,Accessories,South,3,1560,391.11,Low,0.250711538
20-07-2024,Keyboard,Accessories,North,6,4446,1217.86,Medium,0.273922627
17-03-2023,Printer,Office,West,3,1893,508.8,Low,0.268779715
04-07-2024,Camera,Electronics,East,4,4492,670.42,Low,0.149247551
12-08-2023,Mouse,Accessories,South,6,6228,1852.45,Medium,0.297438985
23-04-2023,Camera,Electronics,East,7,4403,1295.89,Medium,0.294319782
15-10-2022,Headphones,Accessories,South,9,4176,510.97,Low,0.122358716
24-05-2022,Keyboard,Accessories,West,2,486,64.43,Low,0.132572016
09-05-2022,Printer,Office,East,5,4880,1084.69,Medium,0.222272541
02-11-2022,Printer,Office,West,5,265,53.21,Low,0.200792453
10-09-2023,Laptop,Electronics,East,1,1041,128.58,Low,0.12351585
28-03-2024,Smartphone,Electronics,East,8,9448,616.5,Low,0.065251905
01-07-2022,Headphones,Accessories,South,3,1617,440.46,Low,0.272393321
17-02-2024,Laptop,Electronics,West,2,1486,233.7,Low,0.157267833
08-07-2023,Smartwatch,Electronics,East,8,7152,1539.72,Medium,0.215285235
29-12-2022,Mouse,Accessories,East,6,1404,368.36,Low,0.262364672
11-08-2023,Camera,Electronics,South,2,122,16.23,Low,0.133032787
01-08-2023,Camera,Electronics,North,9,7533,1285.72,Medium,0.170678349
23-07-2023,Headphones,Accessories,South,4,3888,810.08,Low,0.208353909
05-07-2024,Smartphone,Electronics,South,5,870,48.87,Low,0.056172414
28-11-2022,Mouse,Accessories,South,2,1446,403.89,Low,0.279315353
11-11-2024,Tablet,Electronics,South,6,510,151.91,Low,0.297862745
29-07-2024,Keyboard,Accessories,West,8,6224,790.27,Low,0.126971401
25-04-2023,Keyboard,Accessories,North,2,686,85.03,Low,0.123950437
11-12-2023,Mouse,Accessories,West,4,2840,591.94,Low,0.208429577
12-11-2023,Laptop,Electronics,South,7,2562,347.62,Low,0.13568306
04-05-2024,Smartphone,Electronics,West,5,790,216.12,Low,0.27356962
09-07-2022,Laptop,Electronics,East,5,4170,786.42,Low,0.188589928
22-11-2022,Tablet,Electronics,East,4,1360,373.59,Low,0.274698529
13-03-2022,Camera,Electronics,East,6,5316,782.42,Low,0.147182092
20-07-2023,Laptop,Electronics,West,4,3956,293.38,Low,0.074160768
09-05-2022,Monitor,Accessories,North,3,726,94.38,Low,0.13
04-08-2024,Smartphone,Electronics,North,4,228,29.37,Low,0.128815789
31-07-2022,Headphones,Accessories,North,3,2274,442.57,Low,0.194621812
13-09-2024,Keyboard,Accessories,North,9,2628,459.87,Low,0.174988584
26-05-2024,Camera,Electronics,South,6,606,104.85,Low,0.173019802
15-11-2024,Headphones,Accessories,East,8,7256,558.79,Low,0.07701075
11-03-2023,Camera,Electronics,West,4,1956,125.69,Low,0.064258691
20-06-2024,Printer,Office,South,6,3954,690.1,Low,0.174532119
11-01-2023,Keyboard,Accessories,East,6,2262,442.86,Low,0.195782493
15-02-2022,Printer,Office,North,4,2804,391.59,Low,0.139654066
26-04-2022,Tablet,Electronics,South,9,5850,1511.06,Medium,0.258300855
07-06-2023,Keyboard,Accessories,West,1,56,9.16,Low,0.163571429
17-01-2024,Monitor,Accessories,East,9,4302,344.64,Low,0.080111576
14-05-2024,Camera,Electronics,West,9,10143,1690.66,Medium,0.166682441
15-05-2023,Headphones,Accessories,North,1,1012,164.89,Low,0.162934783
22-05-2023,Tablet,Electronics,East,9,8964,448.62,Low,0.050046854
05-08-2022,Mouse,Accessories,South,6,1758,262.36,Low,0.14923777
12-10-2023,Printer,Office,North,6,6348,557.72,Low,0.087857593
04-11-2023,Printer,Office,North,2,1582,422.46,Low,0.267041719
17-05-2023,Mouse,Accessories,South,2,1924,394.4,Low,0.204989605
02-04-2023,Keyboard,Accessories,North,1,120,23.86,Low,0.198833333
26-01-2024,Headphones,Accessories,East,8,7752,1943.84,Medium,0.250753354
13-07-2023,Camera,Electronics,East,2,1114,300.44,Low,0.269694794
28-11-2024,Keyboard,Accessories,North,5,1765,229.06,Low,0.129779037
10-08-2022,Keyboard,Accessories,West,6,6834,1418.21,Medium,0.207522681
14-09-2022,Smartphone,Electronics,East,5,1520,433.53,Low,0.285217105
05-08-2023,Smartwatch,Electronics,West,7,8141,767.6,Low,0.094288171
30-08-2023,Tablet,Electronics,South,8,5176,866.36,Low,0.167380216
11-05-2024,Mouse,Accessories,East,9,738,64.42,Low,0.087289973
17-01-2024,Printer,Office,South,9,4086,217.48,Low,0.053225649
16-09-2022,Mouse,Accessories,East,2,442,28.13,Low,0.063642534
13-01-2023,Smartphone,Electronics,East,6,2478,153.86,Low,0.062090395
22-01-2022,Keyboard,Accessories,South,2,1860,327.15,Low,0.175887097
24-05-2022,Monitor,Accessories,East,9,4968,991.82,Low,0.199641707
05-03-2023,Printer,Office,South,3,1446,278.94,Low,0.192904564
25-04-2023,Mouse,Accessories,East,7,1722,414.87,Low,0.240923345
13-07-2024,Smartwatch,Electronics,East,7,6573,460.28,Low,0.070025863
01-09-2024,Headphones,Accessories,East,3,2481,249.52,Low,0.10057235
26-12-2024,Monitor,Accessories,West,6,3828,1102.86,Medium,0.288103448
20-08-2023,Tablet,Electronics,East,7,1197,103.34,Low,0.086332498
09-01-2022,Tablet,Electronics,West,7,7623,1459.84,Medium,0.191504657
14-08-2022,Mouse,Accessories,North,9,3384,252.11,Low,0.074500591
01-01-2022,Monitor,Accessories,South,8,1296,273.97,Low,0.211396605
25-07-2024,Tablet,Electronics,West,8,2840,262.62,Low,0.092471831
22-08-2024,Camera,Electronics,East,7,1540,342.93,Low,0.222681818
28-06-2022,Camera,Electronics,West,2,1414,308.39,Low,0.218097595
26-04-2023,Camera,Electronics,West,8,8328,466.38,Low,0.056001441
29-08-2023,Camera,Electronics,North,2,744,217.21,Low,0.291948925
02-01-2023,Mouse,Accessories,South,9,1773,168.01,Low,0.094760293
11-08-2023,Smartphone,Electronics,East,7,6034,1018.37,Medium,0.168771959
22-06-2023,Smartphone,Electronics,South,9,756,99.21,Low,0.131230159
27-07-2024,Monitor,Accessories,East,8,2256,468.52,Low,0.207677305
30-11-2023,Monitor,Accessories,North,7,875,203.63,Low,0.23272
26-11-2024,Headphones,Accessories,South,4,1208,115.13,Low,0.095306291
15-08-2023,Headphones,Accessories,South,2,352,54.19,Low,0.153948864
23-02-2023,Printer,Office,West,6,4266,357.51,Low,0.083804501
26-03-2022,Tablet,Electronics,North,7,1841,496.89,Low,0.269902227
27-07-2024,Camera,Electronics,East,1,712,89.5,Low,0.125702247
23-03-2024,Printer,Office,West,2,724,72.19,Low,0.099709945
09-12-2024,Smartphone,Electronics,West,8,5832,662.72,Low,0.113635117
17-06-2023,Keyboard,Accessories,South,6,4188,989.14,Low,0.236184336
21-09-2023,Tablet,Electronics,West,1,392,50.7,Low,0.129336735
14-05-2022,Laptop,Electronics,East,9,963,49.71,Low,0.051619938
13-04-2024,Camera,Electronics,West,6,5706,319.46,Low,0.055986681
11-06-2024,Headphones,Accessories,West,7,1365,312.04,Low,0.228600733
23-05-2023,Headphones,Accessories,South,1,202,11.24,Low,0.055643564
24-12-2023,Smartphone,Electronics,North,9,2430,613.67,Low,0.252539095
26-04-2023,Monitor,Accessories,South,3,2670,515.39,Low,0.193029963
21-01-2022,Tablet,Electronics,South,7,2758,520.66,Low,0.188781726
14-10-2022,Monitor,Accessories,South,9,873,82.35,Low,0.094329897
23-08-2023,Smartwatch,Electronics,West,9,7245,1410.92,Medium,0.194743961
13-09-2023,Camera,Electronics,North,4,960,255.24,Low,0.265875
28-12-2024,Smartwatch,Electronics,East,4,1284,171.02,Low,0.133193146
09-06-2023,Mouse,Accessories,West,4,512,110.47,Low,0.215761719
10-07-2022,Smartwatch,Electronics,South,9,9729,2039.41,High,0.209621749
11-01-2023,Camera,Electronics,North,5,1580,166.16,Low,0.105164557
26-07-2023,Mouse,Accessories,East,8,976,234.24,Low,0.24
05-01-2024,Printer,Office,North,8,1824,495.35,Low,0.271573465
08-05-2023,Smartphone,Electronics,South,4,3188,202.81,Low,0.063616688
29-11-2023,Camera,Electronics,East,7,5467,556.02,Low,0.101704774
05-09-2024,Smartphone,Electronics,South,6,5406,1277.46,Medium,0.236304107
08-08-2024,Headphones,Accessories,East,8,2984,742.31,Low,0.248763405
12-04-2023,Printer,Office,North,1,919,193.35,Low,0.21039173
18-08-2023,Camera,Electronics,South,6,1686,426.72,Low,0.253096085
02-06-2023,Laptop,Electronics,West,7,4165,493.24,Low,0.11842497
17-11-2023,Smartphone,Electronics,West,7,1281,282.63,Low,0.220632319
17-06-2024,Smartwatch,Electronics,East,3,2829,362.16,Low,0.128016967
06-04-2024,Monitor,Accessories,West,3,2211,292.31,Low,0.132207146
18-12-2024,Headphones,Accessories,East,4,4740,607.81,Low,0.128229958
09-12-2023,Camera,Electronics,East,1,718,169.09,Low,0.235501393
10-10-2022,Headphones,Accessories,North,6,1716,108.81,Low,0.063409091
22-04-2024,Monitor,Accessories,South,7,1547,152.59,Low,0.09863607
14-06-2022,Mouse,Accessories,North,1,739,111.18,Low,0.150446549
03-09-2023,Laptop,Electronics,West,3,819,231.88,Low,0.283125763
19-12-2023,Laptop,Electronics,South,8,5696,1156.3,Medium,0.203002107
22-01-2023,Monitor,Accessories,South,2,1706,184.71,Low,0.108270809
23-01-2024,Camera,Electronics,North,2,2066,608.23,Low,0.294399806
07-06-2024,Laptop,Electronics,North,2,256,35.66,Low,0.139296875
04-02-2024,Smartphone,Electronics,North,2,1102,182.54,Low,0.165644283
31-08-2024,Monitor,Accessories,North,8,2872,483.94,Low,0.168502786
11-11-2024,Tablet,Electronics,East,4,2584,394.52,Low,0.152678019
27-07-2024,Mouse,Accessories,North,2,1366,298.32,Low,0.218389458
11-05-2024,Smartwatch,Electronics,South,7,1253,354.23,Low,0.282705507
24-03-2023,Laptop,Electronics,West,7,2618,300.81,Low,0.114900688
22-09-2022,Headphones,Accessories,East,9,6822,1811.37,Medium,0.265518909
05-11-2023,Keyboard,Accessories,East,6,5286,636.16,Low,0.120348089
13-06-2024,Monitor,Accessories,North,1,579,133.57,Low,0.230690846
28-02-2022,Laptop,Electronics,West,8,1392,190.99,Low,0.13720546
14-11-2022,Laptop,Electronics,West,9,2493,696.69,Low,0.279458484
17-09-2023,Smartphone,Electronics,North,7,6461,766.45,Low,0.118627148
17-08-2022,Tablet,Electronics,East,2,1486,201.07,Low,0.135309556
14-05-2023,Printer,Office,South,1,1152,280.28,Low,0.243298611
12-03-2022,Smartwatch,Electronics,West,2,1750,103.99,Low,0.059422857
12-07-2022,Smartphone,Electronics,West,7,4417,495.37,Low,0.112150781
05-07-2024,Laptop,Electronics,South,4,3724,276.85,Low,0.074342105
16-06-2023,Camera,Electronics,West,3,2220,121.14,Low,0.054567568
20-06-2023,Monitor,Accessories,West,8,9104,2620.58,High,0.287849297
08-08-2024,Printer,Office,West,3,3093,584.23,Low,0.188887811
01-03-2023,Headphones,Accessories,South,6,3048,842.24,Low,0.276325459
02-05-2022,Smartphone,Electronics,North,1,161,36.58,Low,0.227204969
23-07-2023,Monitor,Accessories,West,7,7238,1889.69,Medium,0.261079027
30-03-2024,Smartphone,Electronics,North,3,3561,347.31,Low,0.097531592
07-08-2022,Monitor,Accessories,North,5,1850,534.39,Low,0.288859459
06-03-2022,Mouse,Accessories,West,6,3522,626.72,Low,0.17794435
24-11-2023,Smartwatch,Electronics,East,1,584,172.4,Low,0.295205479
31-08-2023,Smartphone,Electronics,East,4,2556,412.44,Low,0.161361502
14-10-2023,Smartphone,Electronics,South,2,348,56.31,Low,0.161810345
16-05-2023,Monitor,Accessories,South,9,1602,142.49,Low,0.088945069
19-06-2023,Monitor,Accessories,South,3,2853,437.59,Low,0.153378899
21-07-2023,Printer,Office,West,1,1024,230.3,Low,0.224902344
20-03-2022,Camera,Electronics,East,5,4485,1324.49,Medium,0.295315496
06-08-2023,Printer,Office,East,2,436,79.69,Low,0.182775229
21-10-2024,Smartwatch,Electronics,North,2,2232,150.12,Low,0.067258065
14-08-2022,Keyboard,Accessories,South,6,7056,1445.01,Medium,0.204791667
15-03-2022,Keyboard,Accessories,East,5,875,96.65,Low,0.110457143
01-02-2022,Smartwatch,Electronics,East,3,315,61.94,Low,0.196634921
24-04-2022,Laptop,Electronics,East,2,358,51.75,Low,0.144553073
23-03-2023,Camera,Electronics,South,7,3451,194.42,Low,0.056337294
10-02-2022,Laptop,Electronics,North,9,1350,189.13,Low,0.140096296
19-10-2023,Tablet,Electronics,West,8,3320,413.32,Low,0.124493976
10-09-2024,Mouse,Accessories,North,9,8442,940.33,Low,0.111387112
17-06-2022,Keyboard,Accessories,South,1,166,31.97,Low,0.192590361
09-08-2023,Mouse,Accessories,North,5,3720,448.6,Low,0.120591398
11-07-2023,Laptop,Electronics,South,2,1090,136.65,Low,0.125366972
05-01-2024,Laptop,Electronics,West,9,9783,2347.49,High,0.239956046
22-09-2022,Smartphone,Electronics,North,4,2432,657.18,Low,0.270222039
22-06-2023,Mouse,Accessories,North,7,4060,291.42,Low,0.071778325
26-03-2023,Smartwatch,Electronics,North,1,387,99.59,Low,0.257338501
11-08-2023,Smartwatch,Electronics,North,3,966,120.56,Low,0.124803313
17-05-2024,Tablet,Electronics,North,3,3366,882.29,Low,0.262118241
30-06-2024,Monitor,Accessories,West,7,7833,1843.94,Medium,0.235406613
09-04-2023,Monitor,Accessories,West,1,610,33.55,Low,0.055
28-05-2022,Smartwatch,Electronics,West,8,4288,597.09,Low,0.139246735
18-07-2022,Printer,Office,North,9,7740,605.35,Low,0.078210594
20-08-2024,Smartwatch,Electronics,West,9,3150,457.13,Low,0.145120635
31-12-2023,Keyboard,Accessories,West,2,894,224.75,Low,0.25139821
09-10-2022,Laptop,Electronics,North,8,7544,1219.73,Medium,0.161682131
01-03-2024,Keyboard,Accessories,North,8,6360,1871.88,Medium,0.294320755
19-03-2022,Smartphone,Electronics,West,4,2428,485.75,Low,0.200061779
05-10-2022,Headphones,Accessories,South,2,574,38.52,Low,0.067108014
25-04-2023,Keyboard,Accessories,West,6,6744,660.47,Low,0.09793446
11-09-2023,Headphones,Accessories,North,6,798,213.4,Low,0.267418546
13-01-2023,Printer,Office,North,5,2860,339,Low,0.118531469
03-04-2022,Printer,Office,South,5,5410,1129.77,Medium,0.208829945
26-02-2023,Laptop,Electronics,West,5,4445,580.15,Low,0.130517435
03-11-2024,Smartwatch,Electronics,South,8,7536,1197.09,Medium,0.158849522
26-09-2023,Monitor,Accessories,North,7,4165,263.26,Low,0.063207683
19-02-2024,Laptop,Electronics,East,3,3021,763.99,Low,0.252893082
29-04-2024,Keyboard,Accessories,North,2,310,70.66,Low,0.227935484
15-05-2024,Headphones,Accessories,South,2,2170,522,Low,0.240552995
22-10-2024,Tablet,Electronics,West,3,2832,317.76,Low,0.11220339
31-07-2022,Smartwatch,Electronics,West,5,3945,392.09,Low,0.0993891
10-09-2022,Tablet,Electronics,South,4,2104,308,Low,0.146387833
24-08-2022,Monitor,Accessories,South,2,2060,517.64,Low,0.251281553
23-06-2024,Printer,Office,North,4,1060,155.78,Low,0.146962264
13-01-2023,Smartwatch,Electronics,South,6,810,108.61,Low,0.13408642
23-09-2022,Laptop,Electronics,West,3,873,57.42,Low,0.065773196
08-02-2022,Tablet,Electronics,West,5,595,121.11,Low,0.203546218
18-12-2022,Laptop,Electronics,West,2,1562,119.56,Low,0.076542894
25-01-2022,Smartwatch,Electronics,East,9,5337,1575.99,Medium,0.29529511
09-12-2022,Printer,Office,North,2,212,13.4,Low,0.063207547
14-06-2023,Printer,Office,East,8,2704,705.74,Low,0.260998521
31-05-2024,Laptop,Electronics,North,5,3225,523.32,Low,0.162269767
07-08-2023,Monitor,Accessories,North,2,1342,184.59,Low,0.137548435
13-07-2022,Mouse,Accessories,South,7,3395,1012.78,Medium,0.298315169
01-12-2024,Smartwatch,Electronics,East,4,3968,480.72,Low,0.121149194
12-04-2024,Smartphone,Electronics,West,5,4555,776.65,Low,0.17050494
26-02-2022,Tablet,Electronics,West,2,2132,365.44,Low,0.171407129
31-03-2022,Mouse,Accessories,West,6,6516,842.83,Low,0.129347759
17-08-2023,Smartwatch,Electronics,North,2,2040,481.15,Low,0.235857843
23-09-2024,Mouse,Accessories,East,6,6126,428.38,Low,0.069928175
11-09-2022,Smartwatch,Electronics,West,8,520,30.58,Low,0.058807692
01-01-2023,Camera,Electronics,South,5,4470,526.96,Low,0.117888143
12-07-2024,Smartwatch,Electronics,West,8,5504,1196.78,Medium,0.217438227
11-01-2022,Headphones,Accessories,West,4,3036,511.69,Low,0.168540843
05-10-2024,Smartwatch,Electronics,East,5,2725,308.29,Low,0.113133945
16-09-2024,Printer,Office,North,8,4080,336.96,Low,0.082588235
23-05-2024,Keyboard,Accessories,North,8,3080,776.6,Low,0.252142857
08-06-2023,Smartwatch,Electronics,North,5,1525,413.75,Low,0.271311475
16-07-2022,Monitor,Accessories,South,4,1332,342.85,Low,0.257394895
24-07-2023,Smartphone,Electronics,South,7,4669,803.21,Low,0.172030413
12-03-2022,Smartwatch,Electronics,West,6,5310,1099.84,Medium,0.207126177
12-01-2023,Camera,Electronics,East,8,9392,2651.84,High,0.282350937
03-11-2022,Monitor,Accessories,South,5,1350,198.19,Low,0.146807407
14-03-2024,Monitor,Accessories,North,4,3648,768.61,Low,0.210693531
27-07-2023,Printer,Office,North,2,300,47.59,Low,0.158633333
14-08-2022,Smartphone,Electronics,North,3,3408,727.26,Low,0.213397887
17-11-2024,Keyboard,Accessories,South,9,4302,475.96,Low,0.110636913
13-05-2024,Keyboard,Accessories,South,5,4575,771.24,Low,0.168577049
21-10-2022,Laptop,Electronics,East,8,9304,1855.7,Medium,0.199451849
15-04-2024,Monitor,Accessories,East,4,1928,232.48,Low,0.120580913
17-01-2023,Printer,Office,East,2,1042,86.24,Low,0.082763916
28-11-2023,Tablet,Electronics,East,3,2214,507.7,Low,0.22931346
03-05-2024,Keyboard,Accessories,South,4,3024,678.26,Low,0.224292328
11-08-2023,Camera,Electronics,East,2,1104,173.01,Low,0.156711957
26-07-2022,Mouse,Accessories,East,8,6056,1631.71,Medium,0.269436922
07-02-2023,Mouse,Accessories,South,5,5295,1375.98,Medium,0.259864023
19-01-2022,Smartphone,Electronics,North,4,3668,839.4,Low,0.228844057
30-06-2023,Printer,Office,South,9,4293,295.47,Low,0.068825996
19-08-2022,Mouse,Accessories,North,7,5789,950.45,Low,0.164182069
27-08-2023,Smartwatch,Electronics,North,6,4440,800.92,Low,0.180387387
10-03-2022,Printer,Office,South,5,5515,330.02,Low,0.059840435
12-10-2024,Camera,Electronics,North,4,784,192.77,Low,0.245880102
15-06-2024,Laptop,Electronics,East,4,576,156.59,Low,0.271857639
09-09-2024,Smartwatch,Electronics,West,5,705,198.62,Low,0.281730496
24-09-2023,Keyboard,Accessories,North,6,4458,1215.3,Medium,0.272611036
25-08-2022,Smartphone,Electronics,East,6,6780,811.92,Low,0.119752212
01-10-2023,Smartwatch,Electronics,North,5,3970,642.7,Low,0.161889169
08-01-2023,Monitor,Accessories,North,7,5131,368.11,Low,0.07174235
02-10-2022,Laptop,Electronics,East,7,1750,90.21,Low,0.051548571
11-02-2022,Tablet,Electronics,East,7,8337,753.35,Low,0.090362241
15-09-2022,Keyboard,Accessories,East,9,9810,549.46,Low,0.056010194
28-01-2024,Keyboard,Accessories,East,3,2658,794.36,Low,0.298856283
23-07-2022,Printer,Office,West,1,473,43.65,Low,0.092283298
14-01-2022,Tablet,Electronics,North,9,2205,410.01,Low,0.185945578
13-06-2023,Smartphone,Electronics,South,9,6948,1409.3,Medium,0.202835348
09-09-2022,Tablet,Electronics,North,3,774,212.02,Low,0.273927649
26-12-2023,Tablet,Electronics,North,3,2532,343.13,Low,0.135517378
16-11-2024,Laptop,Electronics,West,7,6587,1173.91,Medium,0.178216183
01-04-2024,Smartphone,Electronics,East,7,7266,806.79,Low,0.111036334
27-11-2024,Smartphone,Electronics,East,7,6867,502.06,Low,0.073111985
01-07-2023,Camera,Electronics,South,9,4887,396.36,Low,0.081104972
13-02-2023,Mouse,Accessories,West,4,864,251.99,Low,0.291655093
09-11-2023,Smartphone,Electronics,East,6,5190,1215.07,Medium,0.234117534
20-05-2022,Keyboard,Accessories,South,8,2128,294.45,Low,0.138369361
26-06-2024,Mouse,Accessories,East,2,1718,218.82,Low,0.127369034
02-05-2022,Smartphone,Electronics,North,2,1270,229.39,Low,0.180622047
18-05-2023,Keyboard,Accessories,East,7,2569,130.19,Low,0.050677306
14-02-2022,Printer,Office,South,2,1518,262.65,Low,0.173023715
22-11-2022,Headphones,Accessories,South,2,1210,268.37,Low,0.221793388
15-03-2022,Mouse,Accessories,East,2,1128,94.13,Low,0.083448582
23-08-2023,Headphones,Accessories,North,1,1077,77.97,Low,0.072395543
18-12-2023,Keyboard,Accessories,East,6,2244,517.47,Low,0.230601604
16-09-2022,Mouse,Accessories,West,8,1608,464.18,Low,0.288669154
15-12-2024,Camera,Electronics,West,5,3685,476.2,Low,0.129226594
25-04-2024,Camera,Electronics,North,8,4080,1079.49,Medium,0.264580882
09-02-2024,Monitor,Accessories,North,1,404,84.4,Low,0.208910891
19-04-2023,Keyboard,Accessories,South,2,1738,163.38,Low,0.094004603
31-01-2023,Printer,Office,West,3,828,210.33,Low,0.254021739
24-11-2023,Mouse,Accessories,North,4,4344,461.72,Low,0.106289134
02-10-2023,Tablet,Electronics,North,1,1130,268.88,Low,0.237946903
18-04-2024,Headphones,Accessories,North,3,1698,304.91,Low,0.179570082
27-06-2023,Tablet,Electronics,East,4,844,136.02,Low,0.161161137
20-02-2023,Printer,Office,West,2,2286,218.18,Low,0.09544182
12-12-2023,Camera,Electronics,East,2,1026,170.31,Low,0.165994152
04-10-2023,Laptop,Electronics,West,6,6984,1433.65,Medium,0.205276346
18-02-2022,Monitor,Accessories,West,4,1672,432.35,Low,0.258582536
08-01-2023,Laptop,Electronics,North,6,1092,63.98,Low,0.058589744
01-04-2024,Headphones,Accessories,South,2,272,24.71,Low,0.090845588
12-11-2023,Headphones,Accessories,West,2,1126,204.99,Low,0.18205151
22-10-2023,Mouse,Accessories,West,7,8155,2177.38,High,0.266999387
29-03-2023,Smartwatch,Electronics,East,7,4298,358.38,Low,0.083382969
17-12-2022,Smartphone,Electronics,East,5,1365,310.66,Low,0.227589744
28-11-2024,Camera,Electronics,West,6,4116,381.35,Low,0.092650632
07-04-2022,Headphones,Accessories,South,8,904,181.45,Low,0.200719027
05-12-2024,Smartwatch,Electronics,South,1,70,10.64,Low,0.152
03-09-2023,Keyboard,Accessories,East,2,344,72.87,Low,0.211831395
19-08-2023,Printer,Office,East,1,330,78.52,Low,0.237939394
17-08-2024,Headphones,Accessories,South,2,518,34.22,Low,0.066061776
18-08-2022,Mouse,Accessories,North,9,2763,458.4,Low,0.165906623
26-03-2022,Smartwatch,Electronics,North,2,2298,343.53,Low,0.149490862
02-10-2024,Monitor,Accessories,South,1,436,73.89,Low,0.169472477
28-09-2022,Mouse,Accessories,East,6,1824,213.47,Low,0.117033991
12-05-2024,Laptop,Electronics,North,5,1540,411.83,Low,0.267422078
14-03-2023,Tablet,Electronics,East,7,5572,385.82,Low,0.069242642
21-09-2023,Monitor,Accessories,East,6,3030,335.71,Low,0.11079538
02-05-2024,Monitor,Accessories,West,5,1245,345.84,Low,0.277783133
31-01-2022,Tablet,Electronics,South,4,1252,326.69,Low,0.260934505
04-06-2024,Camera,Electronics,North,9,4959,479.28,Low,0.096648518
16-02-2023,Monitor,Accessories,West,7,8162,443.81,Low,0.054375153
26-05-2023,Monitor,Accessories,East,5,1370,253.92,Low,0.185343066
28-12-2023,Tablet,Electronics,North,3,3111,607.23,Low,0.195188042
10-10-2022,Mouse,Accessories,South,7,7805,1078.03,Medium,0.138120436
21-04-2024,Smartphone,Electronics,South,9,10314,2729.6,High,0.26464999
29-09-2023,Keyboard,Accessories,South,9,10782,2730.14,High,0.253212762
22-10-2024,Monitor,Accessories,West,5,4375,987.96,Low,0.225819429
31-07-2023,Monitor,Accessories,North,5,2265,595.05,Low,0.262715232
15-04-2022,Laptop,Electronics,East,1,166,9.69,Low,0.058373494
24-04-2024,Headphones,Accessories,North,7,7217,1481.7,Medium,0.205306914
16-01-2022,Tablet,Electronics,East,3,1767,186.54,Low,0.105568761
06-12-2023,Laptop,Electronics,East,3,2883,557.81,Low,0.193482484
04-09-2024,Smartwatch,Electronics,South,3,1338,396.08,Low,0.296023916
24-08-2024,Printer,Office,East,9,9459,604.06,Low,0.063860873
10-06-2022,Printer,Office,North,3,168,45.31,Low,0.269702381
03-10-2022,Smartphone,Electronics,South,9,4536,479.78,Low,0.105771605
25-02-2022,Mouse,Accessories,East,4,4404,793.7,Low,0.180222525
18-08-2023,Monitor,Accessories,North,4,1952,148.67,Low,0.07616291
23-12-2022,Mouse,Accessories,North,3,2004,467.76,Low,0.233413174
30-06-2022,Keyboard,Accessories,South,4,468,131.48,Low,0.280940171
10-11-2024,Smartphone,Electronics,West,9,8667,1597.49,Medium,0.18431868
24-02-2024,Printer,Office,West,7,6097,567.32,Low,0.093049041
11-04-2022,Headphones,Accessories,South,9,4752,1415.65,Medium,0.297906145
10-05-2023,Keyboard,Accessories,East,1,1172,124.9,Low,0.106569966
20-05-2022,Keyboard,Accessories,North,2,1608,170.29,Low,0.105901741
21-05-2023,Printer,Office,South,7,7595,969.07,Low,0.127593153
17-07-2024,Smartwatch,Electronics,West,1,1142,306.84,Low,0.268686515
18-11-2024,Keyboard,Accessories,North,2,116,13.67,Low,0.117844828
06-06-2022,Smartphone,Electronics,East,9,3951,908.13,Low,0.22984814
21-12-2023,Keyboard,Accessories,East,2,1606,138.96,Low,0.086525529
16-11-2022,Headphones,Accessories,South,3,2025,403,Low,0.199012346
24-07-2023,Smartwatch,Electronics,West,2,2006,235.52,Low,0.117407777
05-06-2024,Camera,Electronics,South,9,9423,652.06,Low,0.069198769
24-08-2022,Laptop,Electronics,North,4,2276,399.94,Low,0.175720562
22-08-2022,Monitor,Accessories,West,5,4880,664.06,Low,0.136077869
18-11-2024,Laptop,Electronics,East,3,1773,183.15,Low,0.103299492
21-01-2023,Smartwatch,Electronics,South,9,2718,195.97,Low,0.072100809
07-11-2022,Headphones,Accessories,East,4,3168,939.45,Low,0.296543561
31-01-2022,Camera,Electronics,West,2,1716,368.06,Low,0.214487179
07-02-2024,Smartphone,Electronics,West,2,214,14.08,Low,0.065794393
04-06-2024,Camera,Electronics,East,2,2092,366.12,Low,0.17500956
21-03-2024,Headphones,Accessories,West,3,225,46.96,Low,0.208711111
26-03-2023,Smartwatch,Electronics,East,1,859,217.67,Low,0.253399302
10-04-2022,Printer,Office,West,2,2070,183.41,Low,0.088603865
10-06-2024,Keyboard,Accessories,South,6,3240,758.19,Low,0.234009259
08-10-2022,Tablet,Electronics,East,2,1748,506.52,Low,0.289771167
06-07-2023,Mouse,Accessories,West,8,2080,108.48,Low,0.052153846
18-06-2022,Smartwatch,Electronics,North,3,2193,521.14,Low,0.237637939
08-06-2023,Headphones,Accessories,West,5,2080,614.77,Low,0.2955625
13-05-2022,Mouse,Accessories,South,5,5070,986.39,Low,0.194554241
08-03-2024,Laptop,Electronics,South,7,469,47.4,Low,0.101066098
08-10-2023,Printer,Office,South,1,802,153.55,Low,0.191458853
31-12-2024,Smartphone,Electronics,West,6,930,213.6,Low,0.229677419
11-03-2022,Smartwatch,Electronics,South,1,495,55.17,Low,0.111454545
01-08-2024,Monitor,Accessories,East,6,4938,847.89,Low,0.171707169
21-08-2022,Tablet,Electronics,South,2,1300,267.46,Low,0.205738462
11-12-2024,Mouse,Accessories,South,7,2100,131.67,Low,0.0627
13-03-2024,Camera,Electronics,South,2,2248,636.52,Low,0.283149466
05-12-2023,Headphones,Accessories,North,8,7096,991.23,Low,0.139688557
13-05-2022,Headphones,Accessories,East,3,1992,252.21,Low,0.126611446
29-01-2022,Camera,Electronics,South,4,4056,1189.26,Medium,0.293210059
22-12-2022,Camera,Electronics,East,2,1986,208.88,Low,0.105176234
07-04-2024,Printer,Office,East,3,1635,196.73,Low,0.120324159
05-03-2022,Smartwatch,Electronics,East,9,3132,443.27,Low,0.141529374
21-05-2023,Smartphone,Electronics,South,8,7064,1554.52,Medium,0.220062288
16-03-2024,Camera,Electronics,East,1,907,249.2,Low,0.274751929
14-01-2023,Mouse,Accessories,South,9,7938,1191.41,Medium,0.150089443
11-11-2023,Printer,Office,South,4,4360,1207.46,Medium,0.276940367
19-08-2024,Keyboard,Accessories,West,3,375,95.04,Low,0.25344
24-09-2022,Monitor,Accessories,North,7,826,101.01,Low,0.122288136
04-11-2023,Headphones,Accessories,East,1,1011,186.42,Low,0.184391691
09-09-2023,Mouse,Accessories,East,3,807,148.58,Low,0.184114002
17-12-2024,Headphones,Accessories,North,2,1840,367.7,Low,0.199836957
07-02-2022,Keyboard,Accessories,West,5,4550,1039.34,Medium,0.228426374
07-01-2024,Smartphone,Electronics,North,9,8793,901.7,Low,0.102547481
09-07-2024,Headphones,Accessories,North,5,310,32.01,Low,0.103258065
28-11-2023,Headphones,Accessories,East,3,1143,275.04,Low,0.240629921
10-03-2022,Monitor,Accessories,West,3,2610,740.21,Low,0.283605364
31-07-2022,Tablet,Electronics,West,6,1494,269.25,Low,0.180220884
05-07-2023,Smartphone,Electronics,North,4,1524,189.32,Low,0.124225722
21-11-2023,Tablet,Electronics,North,9,9441,2171.42,High,0.229998941
18-06-2022,Smartphone,Electronics,South,4,3520,417.26,Low,0.118539773
29-03-2023,Tablet,Electronics,West,2,390,103.99,Low,0.266641026
27-01-2024,Printer,Office,South,3,3219,255.09,Low,0.079245107
29-09-2024,Laptop,Electronics,North,1,450,75.89,Low,0.168644444
12-08-2023,Smartwatch,Electronics,South,4,828,216.98,Low,0.26205314
17-01-2022,Printer,Office,East,1,1146,152.79,Low,0.133324607
09-07-2024,Monitor,Accessories,West,3,1986,361.33,Low,0.18193857
21-03-2023,Smartwatch,Electronics,North,8,7264,1776.83,Medium,0.244607654
08-06-2023,Laptop,Electronics,East,7,7469,915.63,Low,0.122590708
19-03-2024,Laptop,Electronics,South,5,1385,165.55,Low,0.119530686
13-03-2023,Tablet,Electronics,North,4,4556,315.07,Low,0.06915496
08-02-2024,Monitor,Accessories,North,3,456,61.42,Low,0.134692982
15-11-2024,Monitor,Accessories,North,2,1984,125.13,Low,0.063069556
17-09-2024,Smartwatch,Electronics,North,6,5178,1321.58,Medium,0.255229818
11-05-2023,Smartwatch,Electronics,West,1,281,30.51,Low,0.108576512
26-11-2024,Monitor,Accessories,South,9,3033,177.92,Low,0.058661391
27-03-2022,Camera,Electronics,East,3,1107,65.88,Low,0.059512195
10-04-2022,Mouse,Accessories,South,3,1446,356.7,Low,0.246680498
27-07-2024,Printer,Office,North,3,1335,263.04,Low,0.197033708
23-01-2023,Mouse,Accessories,South,2,266,20.11,Low,0.075601504
22-04-2024,Smartphone,Electronics,West,6,648,162.3,Low,0.250462963
15-03-2023,Tablet,Electronics,South,2,344,80.87,Low,0.235087209
25-05-2024,Smartphone,Electronics,West,6,5724,1640.19,Medium,0.286546122
16-03-2022,Headphones,Accessories,East,5,4920,323.38,Low,0.065727642
07-01-2023,Camera,Electronics,West,5,5440,457.04,Low,0.084014706
25-04-2024,Smartphone,Electronics,West,7,7994,908.65,Low,0.1136665
23-10-2023,Camera,Electronics,South,9,3780,724.36,Low,0.19162963
27-05-2023,Smartphone,Electronics,North,1,1017,209.97,Low,0.206460177
31-01-2023,Smartphone,Electronics,West,6,1578,82.85,Low,0.052503169
09-10-2023,Smartphone,Electronics,South,2,912,161.37,Low,0.176940789
29-04-2024,Laptop,Electronics,West,6,2520,182.59,Low,0.072456349
06-12-2024,Mouse,Accessories,East,8,2632,262.55,Low,0.09975304
10-07-2023,Monitor,Accessories,West,6,6582,729.68,Low,0.110859921
16-01-2024,Camera,Electronics,East,8,3432,172.69,Low,0.050317599
10-09-2023,Keyboard,Accessories,South,2,1030,254.65,Low,0.24723301
13-10-2022,Mouse,Accessories,West,8,1192,289.91,Low,0.243213087
24-07-2024,Printer,Office,West,9,7083,994.47,Low,0.140402372
22-02-2022,Printer,Office,South,7,3675,227.14,Low,0.061806803
30-10-2023,Monitor,Accessories,North,4,4740,833.27,Low,0.175795359
14-04-2024,Headphones,Accessories,East,4,1716,364.96,Low,0.212680653
07-02-2023,Printer,Office,South,7,3528,260.06,Low,0.073713152
22-06-2022,Camera,Electronics,South,3,777,71.72,Low,0.092303732
29-04-2022,Camera,Electronics,East,4,3368,558.93,Low,0.165953088
11-10-2022,Tablet,Electronics,North,4,4240,251.46,Low,0.059306604
15-04-2022,Laptop,Electronics,South,3,3285,292.87,Low,0.089153729
14-01-2023,Smartphone,Electronics,South,6,4872,612.73,Low,0.125765599
24-08-2022,Smartphone,Electronics,East,9,2466,638.41,Low,0.258884834
26-10-2024,Tablet,Electronics,West,5,2465,497.19,Low,0.201699797
15-05-2023,Tablet,Electronics,North,3,612,40.15,Low,0.065604575
25-10-2022,Tablet,Electronics,South,5,4170,658.98,Low,0.158028777
13-03-2023,Camera,Electronics,South,8,1088,160.33,Low,0.147362132
30-07-2024,Keyboard,Accessories,West,2,1626,354.49,Low,0.21801353
06-11-2023,Smartphone,Electronics,North,6,6486,359.49,Low,0.055425532
14-12-2022,Monitor,Accessories,West,8,6968,1226.22,Medium,0.17597876
03-01-2024,Smartphone,Electronics,North,1,357,82.86,Low,0.23210084
17-02-2024,Laptop,Electronics,South,1,454,58.4,Low,0.128634361
04-04-2024,Tablet,Electronics,East,3,3582,501.47,Low,0.139997208
25-06-2024,Tablet,Electronics,West,9,3762,484.75,Low,0.128854333
31-10-2024,Smartwatch,Electronics,South,9,6642,394.48,Low,0.059391749
25-09-2024,Monitor,Accessories,West,4,408,45.2,Low,0.110784314
08-03-2024,Tablet,Electronics,West,1,105,25.26,Low,0.240571429
04-05-2024,Tablet,Electronics,West,3,2682,584.69,Low,0.21800522
11-07-2022,Keyboard,Accessories,East,7,497,76.31,Low,0.153541247
19-08-2022,Printer,Office,South,7,4823,420.58,Low,0.087202986
01-10-2024,Smartwatch,Electronics,North,8,4048,666.1,Low,0.164550395
19-10-2023,Printer,Office,South,7,2758,459.02,Low,0.166432197
23-12-2022,Smartphone,Electronics,North,8,4096,266.35,Low,0.065026855
11-10-2024,Printer,Office,North,8,7264,1318,Medium,0.181442731
09-04-2022,Mouse,Accessories,East,6,4302,957.38,Low,0.222543003
03-03-2022,Printer,Office,North,7,3297,583.86,Low,0.177088262
27-01-2023,Printer,Office,North,5,5960,1139.78,Medium,0.191238255
22-01-2024,Keyboard,Accessories,West,1,386,114.9,Low,0.297668394
20-01-2022,Printer,Office,West,1,684,170.36,Low,0.249064327
15-06-2022,Laptop,Electronics,South,3,1275,168.64,Low,0.132266667
18-05-2023,Mouse,Accessories,North,9,5949,368.51,Low,0.061944865
06-02-2023,Camera,Electronics,East,7,5159,755.22,Low,0.146388835
01-07-2022,Monitor,Accessories,North,4,1100,127.13,Low,0.115572727
26-01-2024,Mouse,Accessories,South,2,290,50.23,Low,0.173206897
05-08-2023,Smartwatch,Electronics,East,8,7144,492.1,Low,0.068882979
09-08-2022,Keyboard,Accessories,West,5,4200,330.48,Low,0.078685714
08-02-2022,Monitor,Accessories,North,6,5022,291.89,Low,0.058122262
13-12-2024,Smartphone,Electronics,West,2,2354,371.34,Low,0.157748513
10-10-2024,Smartphone,Electronics,South,2,2032,149.7,Low,0.07367126
15-10-2024,Printer,Office,South,8,9528,1942.35,Medium,0.203857053
25-05-2024,Keyboard,Accessories,South,2,2372,275.88,Low,0.116306914
14-02-2022,Laptop,Electronics,West,3,2703,609.75,Low,0.225582686
04-05-2023,Laptop,Electronics,South,4,1264,267.82,Low,0.211882911
21-05-2024,Smartphone,Electronics,South,4,1624,333.74,Low,0.205504926
14-05-2023,Mouse,Accessories,West,8,2976,507.77,Low,0.17062164
02-07-2024,Headphones,Accessories,West,6,4998,863.82,Low,0.172833133
18-04-2024,Printer,Office,South,1,445,29.57,Low,0.066449438
20-10-2022,Printer,Office,West,1,98,28.57,Low,0.291530612
22-08-2022,Tablet,Electronics,North,7,4102,354.03,Low,0.08630668
11-01-2022,Printer,Office,North,1,1016,171.31,Low,0.168612205
18-08-2023,Headphones,Accessories,South,4,1960,234.88,Low,0.119836735
15-09-2024,Mouse,Accessories,West,7,2751,675.95,Low,0.245710651
15-07-2022,Smartphone,Electronics,East,7,4032,742.98,Low,0.184270833
28-07-2024,Smartphone,Electronics,West,7,5978,1791.25,Medium,0.299640348
16-12-2023,Headphones,Accessories,West,7,8050,2129.97,High,0.264592547
24-05-2024,Monitor,Accessories,East,7,4648,1240.98,Medium,0.266992255
14-06-2022,Smartphone,Electronics,North,3,1119,108.68,Low,0.097122431
14-06-2023,Printer,Office,South,9,2178,382.67,Low,0.175697888
11-12-2024,Laptop,Electronics,East,1,918,180.31,Low,0.196416122
05-02-2023,Smartphone,Electronics,East,9,6903,837.35,Low,0.121302332
21-08-2023,Keyboard,Accessories,North,5,4855,534.23,Low,0.110037075
18-12-2023,Camera,Electronics,South,2,2158,483.94,Low,0.224253939
13-04-2023,Mouse,Accessories,North,7,4550,1077.8,Medium,0.236879121
24-09-2023,Tablet,Electronics,West,4,3592,249.54,Low,0.069471047
19-12-2022,Tablet,Electronics,South,8,3488,943.25,Low,0.270427179
21-05-2022,Monitor,Accessories,North,2,1214,163.8,Low,0.134925865
21-09-2024,Mouse,Accessories,West,9,7200,1469.23,Medium,0.204059722
24-03-2023,Laptop,Electronics,East,8,1808,339.31,Low,0.18767146
29-12-2022,Camera,Electronics,West,9,7083,560.88,Low,0.079186785
05-06-2024,Monitor,Accessories,East,4,1060,260.21,Low,0.245481132
17-11-2022,Smartwatch,Electronics,South,9,7182,461.61,Low,0.064273183
07-05-2024,Smartphone,Electronics,West,6,5532,552.74,Low,0.099916847
23-08-2024,Headphones,Accessories,South,8,1800,326.03,Low,0.181127778
17-12-2023,Headphones,Accessories,South,1,351,32.61,Low,0.092905983
10-11-2022,Smartwatch,Electronics,West,2,1200,191.43,Low,0.159525
01-12-2023,Tablet,Electronics,South,9,1593,322.46,Low,0.202423101
15-12-2024,Monitor,Accessories,East,3,2580,448.02,Low,0.173651163
12-03-2022,Keyboard,Accessories,East,6,6780,1794.97,Medium,0.264744838
25-03-2022,Smartphone,Electronics,South,2,1298,204.08,Low,0.157226502
24-12-2024,Smartwatch,Electronics,South,7,4585,383.97,Low,0.08374482
16-04-2023,Tablet,Electronics,North,1,516,70.53,Low,0.136686047
14-05-2024,Tablet,Electronics,West,4,1780,420.28,Low,0.23611236
07-11-2022,Keyboard,Accessories,North,5,365,94.05,Low,0.257671233
26-02-2023,Tablet,Electronics,South,8,3896,735.66,Low,0.188824435
28-04-2024,Laptop,Electronics,South,1,636,169.24,Low,0.266100629
27-07-2024,Monitor,Accessories,East,7,637,87.86,Low,0.137927786
26-09-2023,Keyboard,Accessories,South,3,1302,180.82,Low,0.138878648
24-08-2024,Smartphone,Electronics,West,1,719,40.42,Low,0.056216968
08-08-2023,Camera,Electronics,West,6,5106,1341.93,Medium,0.262814336
11-07-2023,Mouse,Accessories,West,3,1215,129.8,Low,0.106831276
23-05-2024,Camera,Electronics,East,9,1791,187.28,Low,0.104567281
30-09-2023,Printer,Office,East,9,6255,452.46,Low,0.072335731
02-05-2023,Printer,Office,East,5,4165,1012.37,Medium,0.243066026
31-12-2023,Monitor,Accessories,South,5,5990,1192.11,Medium,0.199016694
01-12-2023,Tablet,Electronics,South,1,847,142.74,Low,0.168524203
04-02-2024,Camera,Electronics,East,8,688,131.26,Low,0.190784884
24-06-2023,Tablet,Electronics,East,2,1188,286.38,Low,0.241060606
20-08-2023,Camera,Electronics,North,7,3101,926.09,Low,0.298642373
30-12-2024,Headphones,Accessories,West,9,8703,1562.88,Medium,0.179579455
29-10-2024,Printer,Office,West,9,9324,2416.93,High,0.259216002
20-09-2024,Laptop,Electronics,North,1,749,68.17,Low,0.091014686
17-11-2024,Smartwatch,Electronics,West,4,3224,871.53,Low,0.270325682
01-10-2023,Monitor,Accessories,South,3,459,40.96,Low,0.089237473
24-12-2024,Smartwatch,Electronics,East,7,5726,976.14,Low,0.170475026
20-04-2022,Keyboard,Accessories,West,4,616,175.75,Low,0.285308442
24-12-2024,Laptop,Electronics,North,2,1584,406.25,Low,0.25647096
24-06-2023,Laptop,Electronics,East,5,3205,368.41,Low,0.114948518
18-09-2024,Printer,Office,East,1,958,186.76,Low,0.194947808
18-12-2023,Laptop,Electronics,East,9,5139,1315.93,Medium,0.256067328
09-11-2024,Smartphone,Electronics,West,5,3795,239.15,Low,0.063017128
03-03-2024,Camera,Electronics,East,2,810,229.33,Low,0.283123457
11-05-2024,Camera,Electronics,South,6,5106,1500.2,Medium,0.293811203
30-06-2024,Monitor,Accessories,West,2,798,79.25,Low,0.099310777
22-02-2022,Laptop,Electronics,West,5,3165,895.33,Low,0.282884676
21-09-2023,Tablet,Electronics,East,5,5935,875.84,Low,0.14757203
27-06-2022,Keyboard,Accessories,South,4,3352,663.15,Low,0.197837112
29-01-2024,Smartphone,Electronics,West,9,8343,821,Low,0.098405849
25-05-2022,Monitor,Accessories,East,4,2604,411.38,Low,0.157980031
28-10-2023,Headphones,Accessories,West,1,526,108.88,Low,0.206996198
12-11-2023,Monitor,Accessories,West,9,5220,1324.01,Medium,0.253641762
12-11-2023,Printer,Office,North,9,1737,152.98,Low,0.088071387
24-10-2022,Mouse,Accessories,West,6,3186,841.04,Low,0.263979912
13-01-2023,Smartphone,Electronics,West,6,7014,1202.25,Medium,0.171407186
17-01-2023,Mouse,Accessories,South,9,3411,444.87,Low,0.130422164
20-01-2022,Monitor,Accessories,East,1,513,87.58,Low,0.170721248
05-07-2022,Smartphone,Electronics,West,1,1104,277.85,Low,0.251675725
11-08-2022,Smartphone,Electronics,East,9,2718,271.51,Low,0.099893304
14-05-2023,Headphones,Accessories,North,6,1662,416.3,Low,0.250481348
16-12-2023,Mouse,Accessories,West,5,1700,360.59,Low,0.212111765
06-12-2024,Tablet,Electronics,South,4,2932,597.65,Low,0.203836971
13-10-2023,Mouse,Accessories,North,4,3604,971.14,Low,0.269461709
26-03-2024,Camera,Electronics,West,4,4596,553.58,Low,0.120448216
05-04-2024,Smartwatch,Electronics,East,6,930,68.24,Low,0.073376344
24-06-2023,Tablet,Electronics,North,3,2790,470.93,Low,0.168792115
22-05-2022,Smartphone,Electronics,North,6,4596,1162.75,Medium,0.252991732
15-10-2023,Keyboard,Accessories,South,1,962,260.28,Low,0.270561331
23-10-2024,Smartphone,Electronics,North,1,92,14.88,Low,0.16173913
29-09-2024,Keyboard,Accessories,North,5,1130,254.99,Low,0.225654867
29-04-2024,Headphones,Accessories,East,6,6024,1706.41,Medium,0.283268592
16-01-2024,Printer,Office,South,1,879,135,Low,0.153583618
06-06-2022,Monitor,Accessories,East,8,2384,444.98,Low,0.186652685
25-12-2024,Camera,Electronics,South,4,4644,277.26,Low,0.059702842
04-04-2024,Keyboard,Accessories,East,1,607,79.78,Low,0.131433278
29-09-2022,Mouse,Accessories,South,7,770,129.11,Low,0.167675325
06-11-2022,Keyboard,Accessories,South,1,711,158.89,Low,0.22347398
02-08-2023,Keyboard,Accessories,South,2,1088,235.83,Low,0.216755515
05-03-2024,Laptop,Electronics,East,7,4704,513.14,Low,0.109085884
15-12-2022,Laptop,Electronics,East,5,660,90.86,Low,0.137666667
25-11-2022,Headphones,Accessories,South,5,4680,516.26,Low,0.110311966
06-10-2022,Camera,Electronics,East,7,6797,665.29,Low,0.097879947
11-12-2024,Mouse,Accessories,North,9,558,38.86,Low,0.069641577
13-09-2023,Monitor,Accessories,East,4,4496,1115.75,Medium,0.248165036
28-05-2022,Keyboard,Accessories,South,1,713,62.78,Low,0.088050491
17-08-2022,Camera,Electronics,East,2,1310,212.43,Low,0.162160305
31-10-2024,Keyboard,Accessories,West,9,2853,564.05,Low,0.197704171
20-11-2023,Camera,Electronics,South,2,2324,516.06,Low,0.222056799
16-04-2024,Laptop,Electronics,North,1,330,53.42,Low,0.161878788
22-09-2023,Camera,Electronics,South,3,588,100.52,Low,0.170952381
07-05-2024,Smartphone,Electronics,East,1,63,11.91,Low,0.189047619
15-03-2022,Tablet,Electronics,East,7,847,147.71,Low,0.174391972
28-06-2024,Printer,Office,East,1,1037,56.89,Low,0.054860174
06-01-2024,Mouse,Accessories,North,1,373,72.17,Low,0.193485255
20-12-2023,Laptop,Electronics,North,1,1176,157.47,Low,0.133903061
11-01-2022,Smartphone,Electronics,East,3,2139,422.52,Low,0.197531557
11-12-2024,Monitor,Accessories,West,9,4140,301.12,Low,0.0727343
13-01-2024,Laptop,Electronics,North,1,1038,63.23,Low,0.060915222
28-07-2024,Monitor,Accessories,East,8,2024,203.11,Low,0.100350791
15-04-2022,Smartwatch,Electronics,South,6,6624,1136.09,Medium,0.171511171
23-09-2023,Smartwatch,Electronics,East,7,5019,1154.79,Medium,0.230083682
15-04-2024,Smartphone,Electronics,East,5,750,207.77,Low,0.277026667
23-03-2023,Camera,Electronics,North,7,6461,1455.36,Medium,0.225253057
04-11-2023,Tablet,Electronics,West,6,2946,208.01,Low,0.070607604
24-05-2024,Monitor,Accessories,South,1,618,81.04,Low,0.131132686
27-03-2022,Printer,Office,South,2,1774,322.49,Low,0.181786922
11-05-2022,Camera,Electronics,East,9,8586,700.37,Low,0.081571162
13-02-2024,Laptop,Electronics,South,5,2000,232.41,Low,0.116205
16-02-2023,Mouse,Accessories,East,1,849,205.88,Low,0.242497055
13-08-2023,Mouse,Accessories,East,6,3186,374.63,Low,0.117586315
15-05-2024,Monitor,Accessories,South,4,2536,495.13,Low,0.195240536
09-05-2024,Smartwatch,Electronics,South,2,1306,228.41,Low,0.174892802
02-05-2022,Tablet,Electronics,East,3,2508,631.85,Low,0.251933812
13-07-2024,Tablet,Electronics,North,8,1048,107.56,Low,0.102633588
19-11-2022,Keyboard,Accessories,East,4,1516,256.96,Low,0.169498681
04-03-2024,Smartphone,Electronics,West,9,10458,1835.21,Medium,0.17548384
20-05-2024,Headphones,Accessories,East,9,2754,259.16,Low,0.094103123
28-09-2022,Printer,Office,West,4,3432,364.27,Low,0.106139277
25-12-2022,Monitor,Accessories,South,2,1234,257.89,Low,0.208987034
30-07-2022,Monitor,Accessories,East,1,847,146.25,Low,0.172668241
23-10-2022,Keyboard,Accessories,South,7,7672,896.11,Low,0.116802659
04-04-2024,Monitor,Accessories,North,9,7596,1454.15,Medium,0.191436282
02-11-2024,Keyboard,Accessories,East,7,7252,1357.27,Medium,0.187158025
05-12-2024,Smartwatch,Electronics,West,6,732,136.59,Low,0.186598361
27-06-2023,Smartphone,Electronics,West,1,173,20.96,Low,0.121156069
18-03-2023,Camera,Electronics,North,3,2805,749.5,Low,0.267201426
18-09-2023,Smartphone,Electronics,West,8,7048,391.96,Low,0.05561294
16-08-2024,Mouse,Accessories,East,6,4698,1020.11,Medium,0.21713708
17-01-2024,Smartwatch,Electronics,South,1,565,148.79,Low,0.263345133
17-06-2023,Monitor,Accessories,North,1,672,198.75,Low,0.295758929
24-07-2022,Camera,Electronics,South,6,2604,566.34,Low,0.217488479
31-05-2024,Tablet,Electronics,West,6,5124,501.5,Low,0.097872756
14-08-2022,Smartwatch,Electronics,West,5,2455,714.35,Low,0.290977597
01-03-2022,Printer,Office,North,2,1796,225.15,Low,0.125361915
25-01-2022,Laptop,Electronics,South,1,288,61.85,Low,0.214756944
23-07-2023,Laptop,Electronics,North,5,2160,553.41,Low,0.256208333
10-03-2022,Tablet,Electronics,West,1,105,27.36,Low,0.260571429
05-05-2023,Monitor,Accessories,South,9,7578,1596.64,Medium,0.210694115
10-03-2023,Headphones,Accessories,South,1,365,50.1,Low,0.137260274
23-04-2024,Camera,Electronics,West,8,3752,537.98,Low,0.143384861
21-08-2024,Keyboard,Accessories,North,2,1384,316.21,Low,0.228475434
21-02-2023,Smartphone,Electronics,West,5,475,76.22,Low,0.160463158
09-01-2023,Printer,Office,West,4,1116,242.31,Low,0.217123656
24-08-2023,Smartphone,Electronics,West,1,137,39.35,Low,0.287226277
12-01-2022,Headphones,Accessories,South,6,738,158.96,Low,0.215392954
09-10-2023,Camera,Electronics,West,3,1821,543.01,Low,0.2981933
22-04-2022,Keyboard,Accessories,West,7,3654,670.16,Low,0.183404488
14-07-2024,Keyboard,Accessories,East,6,2592,404.89,Low,0.156207562
25-04-2022,Camera,Electronics,East,6,996,225.75,Low,0.226656627
10-07-2024,Mouse,Accessories,North,1,693,62.75,Low,0.090548341
24-10-2023,Keyboard,Accessories,East,3,513,48.23,Low,0.094015595
17-05-2024,Smartwatch,Electronics,East,8,5736,937.62,Low,0.163462343
06-04-2023,Mouse,Accessories,East,2,1458,208.93,Low,0.14329904
03-12-2022,Smartphone,Electronics,East,8,5496,1104.93,Medium,0.201042576
07-01-2022,Tablet,Electronics,North,3,3183,358.87,Low,0.112745837
27-07-2023,Headphones,Accessories,East,6,3990,975.5,Low,0.244486216
05-02-2024,Smartphone,Electronics,West,2,582,76.45,Low,0.131357388
03-05-2022,Printer,Office,South,5,3340,845.53,Low,0.253152695
30-08-2023,Monitor,Accessories,West,1,890,59.1,Low,0.066404494
22-09-2024,Printer,Office,East,6,4890,689.01,Low,0.14090184
19-10-2023,Keyboard,Accessories,East,3,2625,349.61,Low,0.133184762
14-09-2022,Smartwatch,Electronics,North,4,1440,200.09,Low,0.138951389
26-12-2024,Headphones,Accessories,North,5,505,93.85,Low,0.185841584
28-01-2022,Laptop,Electronics,North,8,8192,1822.87,Medium,0.222518311
09-08-2023,Keyboard,Accessories,East,3,1920,144.3,Low,0.07515625
18-10-2022,Smartwatch,Electronics,West,8,8768,1065.8,Medium,0.121555657
12-10-2022,Mouse,Accessories,North,1,1140,117.05,Low,0.102675439
23-01-2023,Laptop,Electronics,North,4,952,264.61,Low,0.277951681
02-05-2024,Smartphone,Electronics,North,1,225,51.07,Low,0.226977778
01-08-2022,Printer,Office,South,4,1304,336.95,Low,0.258397239
25-06-2023,Camera,Electronics,East,3,1029,206.83,Low,0.201000972
29-02-2024,Printer,Office,South,3,3402,442.67,Low,0.130120517
24-05-2022,Laptop,Electronics,North,9,8460,1201.94,Medium,0.142073286
07-03-2024,Monitor,Accessories,North,1,104,26.86,Low,0.258269231
18-12-2023,Monitor,Accessories,West,9,10665,1595.08,Medium,0.149562119
12-08-2023,Smartwatch,Electronics,East,8,984,183.07,Low,0.186046748
18-09-2024,Smartphone,Electronics,North,4,2064,359.3,Low,0.174079457
08-03-2022,Laptop,Electronics,North,2,594,172.47,Low,0.290353535
25-10-2023,Printer,Office,South,8,6016,898.33,Low,0.149323471
22-08-2024,Smartphone,Electronics,North,8,2864,195.16,Low,0.068142458
17-07-2024,Tablet,Electronics,North,4,724,186.95,Low,0.258218232
11-02-2024,Mouse,Accessories,East,6,4098,1174.46,Medium,0.28659346
12-06-2023,Monitor,Accessories,North,1,338,32.61,Low,0.09647929
09-03-2024,Printer,Office,West,8,9280,1596.88,Medium,0.172077586
16-04-2022,Smartwatch,Electronics,East,1,890,57.04,Low,0.064089888
26-04-2023,Tablet,Electronics,South,2,1790,442.75,Low,0.247346369
01-10-2023,Tablet,Electronics,North,9,8523,978.97,Low,0.114862138
21-02-2023,Headphones,Accessories,West,9,7776,677.74,Low,0.087157922
20-03-2024,Mouse,Accessories,North,7,3031,417.5,Low,0.137743319
02-10-2022,Camera,Electronics,South,9,4698,1262.47,Medium,0.268724989
13-06-2023,Keyboard,Accessories,West,9,4851,1408.41,Medium,0.290333952
22-01-2023,Camera,Electronics,East,6,4542,1169.16,Medium,0.257410832
21-09-2022,Headphones,Accessories,North,2,978,210.75,Low,0.215490798
04-01-2022,Mouse,Accessories,South,9,9378,1740.97,Medium,0.185644061
06-08-2023,Smartwatch,Electronics,North,8,9464,2043.73,High,0.215947802
08-11-2024,Printer,Office,West,8,1720,401.26,Low,0.233290698
11-07-2022,Keyboard,Accessories,West,8,4752,1124.22,Medium,0.236578283
23-10-2023,Keyboard,Accessories,South,4,584,127.28,Low,0.217945205
28-07-2024,Camera,Electronics,North,9,4554,1031.09,Medium,0.226414141
23-07-2022,Tablet,Electronics,South,2,2392,483.39,Low,0.20208612
20-11-2023,Camera,Electronics,South,7,3962,916.13,Low,0.231229177
21-05-2023,Laptop,Electronics,North,3,1308,141.04,Low,0.107828746
15-09-2023,Printer,Office,South,8,5912,1153.18,Medium,0.19505751
10-05-2023,Camera,Electronics,South,7,5831,1416.31,Medium,0.242893157
11-12-2022,Camera,Electronics,West,7,5572,690.68,Low,0.123955492
11-08-2023,Monitor,Accessories,North,6,5214,1093.04,Medium,0.209635596
18-06-2022,Mouse,Accessories,East,9,6705,1283.78,Medium,0.19146607
28-01-2023,Headphones,Accessories,North,1,426,93.83,Low,0.220258216
06-11-2024,Smartphone,Electronics,West,2,2204,523.82,Low,0.237667877
25-08-2022,Smartphone,Electronics,North,3,2652,161.67,Low,0.060961538
07-07-2023,Printer,Office,South,6,3132,919.52,Low,0.293588761
04-06-2024,Printer,Office,West,5,1830,437.35,Low,0.238989071
27-01-2024,Laptop,Electronics,East,9,2763,676.25,Low,0.244752081
17-09-2022,Monitor,Accessories,North,8,9056,2281.97,High,0.25198432
10-03-2022,Camera,Electronics,North,7,5439,1416.62,Medium,0.260455966
01-08-2022,Camera,Electronics,South,6,828,47.91,Low,0.057862319
01-10-2024,Smartwatch,Electronics,East,5,1910,463.07,Low,0.242445026
19-02-2023,Tablet,Electronics,North,2,1874,333.86,Low,0.178153682
02-08-2023,Mouse,Accessories,East,1,1032,291.41,Low,0.282374031
26-06-2023,Keyboard,Accessories,East,3,3264,556.86,Low,0.170606618
26-11-2022,Smartphone,Electronics,West,1,877,110.99,Low,0.126556442
23-05-2022,Camera,Electronics,North,3,924,183.18,Low,0.198246753
26-04-2023,Camera,Electronics,West,3,417,114.42,Low,0.274388489
21-02-2024,Laptop,Electronics,West,5,2670,155.89,Low,0.058385768
18-06-2024,Keyboard,Accessories,South,7,2716,512.09,Low,0.188545655
18-05-2023,Headphones,Accessories,West,9,10134,1334.37,Medium,0.131672587
19-01-2022,Monitor,Accessories,North,5,5500,1230.98,Medium,0.223814545
07-12-2024,Tablet,Electronics,East,6,6228,1756.82,Medium,0.282084136
16-06-2024,Laptop,Electronics,West,7,1092,274.77,Low,0.251620879
24-06-2023,Monitor,Accessories,West,5,3255,332.54,Low,0.102162826
28-06-2022,Tablet,Electronics,West,5,5645,1320.86,Medium,0.2339876
20-03-2024,Smartphone,Electronics,North,9,7578,466.87,Low,0.061608604
21-04-2023,Keyboard,Accessories,South,9,6282,1594.61,Medium,0.25383795
29-12-2024,Laptop,Electronics,South,6,2364,639.29,Low,0.270427242
12-12-2023,Keyboard,Accessories,North,8,6880,1570.91,Medium,0.228329942
30-10-2022,Smartphone,Electronics,East,6,3288,249.02,Low,0.07573601
01-02-2024,Monitor,Accessories,East,6,5292,659.58,Low,0.124637188
06-11-2023,Printer,Office,North,3,3522,883.41,Low,0.250826235
08-10-2022,Smartwatch,Electronics,West,2,1518,87.6,Low,0.05770751
17-06-2023,Tablet,Electronics,North,7,2457,690.55,Low,0.281054131
09-01-2024,Headphones,Accessories,West,1,309,62.08,Low,0.200906149
24-01-2022,Monitor,Accessories,North,6,6192,717.46,Low,0.115868863
04-06-2022,Camera,Electronics,East,5,4235,747.96,Low,0.176613932
13-08-2022,Smartwatch,Electronics,North,9,7128,457.11,Low,0.064128788
23-07-2024,Tablet,Electronics,North,5,5660,641.69,Low,0.113372792
23-05-2024,Smartphone,Electronics,South,1,787,120.38,Low,0.15296061
13-11-2022,Mouse,Accessories,West,3,375,107.26,Low,0.286026667
19-08-2023,Camera,Electronics,South,4,296,44.79,Low,0.151317568
01-01-2022,Keyboard,Accessories,East,6,6372,570.75,Low,0.089571563
16-06-2024,Mouse,Accessories,West,6,2214,322.73,Low,0.145767841
16-09-2024,Headphones,Accessories,South,6,2640,734.44,Low,0.27819697
08-11-2023,Camera,Electronics,South,7,2240,580.47,Low,0.259138393
06-05-2023,Smartwatch,Electronics,East,7,6258,1347.74,Medium,0.215362736
02-01-2024,Printer,Office,West,8,3816,574.57,Low,0.150568658
15-05-2022,Smartwatch,Electronics,South,2,390,115.48,Low,0.296102564
01-07-2024,Tablet,Electronics,South,7,630,83.28,Low,0.132190476
01-09-2022,Smartphone,Electronics,South,4,3868,819.26,Low,0.21180455
27-06-2023,Monitor,Accessories,North,1,777,211.31,Low,0.271956242
28-05-2024,Monitor,Accessories,North,3,1347,196.59,Low,0.145946548
17-05-2023,Laptop,Electronics,East,9,7272,500.32,Low,0.06880088
28-09-2024,Printer,Office,North,6,5724,857.33,Low,0.149778127
07-05-2022,Headphones,Accessories,West,3,312,74.8,Low,0.23974359
18-05-2023,Laptop,Electronics,East,3,1947,239.63,Low,0.123076528
09-10-2023,Tablet,Electronics,North,6,1128,207.97,Low,0.184370567
05-03-2023,Laptop,Electronics,East,9,4158,672.32,Low,0.161693122
04-07-2024,Keyboard,Accessories,East,6,2670,782.28,Low,0.292988764
31-05-2024,Headphones,Accessories,East,1,85,17.71,Low,0.208352941
10-12-2023,Mouse,Accessories,East,8,4136,1056.54,Medium,0.25544971
07-05-2022,Tablet,Electronics,North,6,4332,348.61,Low,0.080473223
01-07-2024,Monitor,Accessories,North,8,1600,305.3,Low,0.1908125
28-10-2023,Tablet,Electronics,East,7,5075,471.21,Low,0.092849261
27-07-2022,Tablet,Electronics,South,6,4152,1065.46,Medium,0.25661368
13-05-2022,Printer,Office,East,7,5635,1665.01,Medium,0.295476486
16-09-2022,Smartwatch,Electronics,East,3,3108,220.97,Low,0.071097169
24-10-2022,Smartwatch,Electronics,South,7,4270,1197.44,Medium,0.280430913
15-02-2023,Monitor,Accessories,West,5,1350,321.9,Low,0.238444444
07-03-2024,Keyboard,Accessories,East,3,330,81.86,Low,0.248060606
13-07-2022,Camera,Electronics,South,6,4260,504.82,Low,0.118502347
31-07-2022,Headphones,Accessories,North,3,2712,751.52,Low,0.277109145
26-03-2024,Smartphone,Electronics,West,1,328,46.23,Low,0.140945122
13-08-2023,Smartphone,Electronics,West,8,7776,498.6,Low,0.06412037
08-05-2022,Laptop,Electronics,East,4,2896,522.82,Low,0.180531768
07-05-2023,Tablet,Electronics,North,2,1902,388.83,Low,0.204432177
29-01-2022,Smartwatch,Electronics,North,7,3255,814.85,Low,0.250337942
02-03-2022,Keyboard,Accessories,North,3,633,162.4,Low,0.256556082
11-04-2023,Tablet,Electronics,East,7,6209,402.78,Low,0.064870349
09-05-2023,Smartwatch,Electronics,East,9,4698,1167.9,Medium,0.248595147
11-07-2024,Smartphone,Electronics,West,8,7424,1878.07,Medium,0.252972791
26-01-2022,Printer,Office,East,1,498,58.3,Low,0.117068273
30-08-2023,Headphones,Accessories,East,1,111,27.91,Low,0.251441441
18-08-2023,Laptop,Electronics,North,8,7520,1201.4,Medium,0.159760638
31-05-2023,Camera,Electronics,South,1,182,30.97,Low,0.170164835
18-02-2022,Mouse,Accessories,West,5,5890,309,Low,0.0524618
17-07-2024,Laptop,Electronics,South,4,3244,357.55,Low,0.110218866
26-04-2024,Smartphone,Electronics,South,7,5229,1058.26,Medium,0.202382865
19-10-2022,Smartwatch,Electronics,North,9,5202,1271.47,Medium,0.244419454
15-03-2022,Keyboard,Accessories,West,3,438,67.43,Low,0.153949772
14-02-2023,Keyboard,Accessories,East,6,6900,1109.73,Medium,0.160830435
11-09-2022,Tablet,Electronics,East,3,369,36.07,Low,0.097750678
17-01-2024,Laptop,Electronics,West,4,4140,1229.85,Medium,0.297065217
13-04-2024,Printer,Office,South,3,1086,188.65,Low,0.173710866
03-03-2023,Mouse,Accessories,South,2,2134,269.53,Low,0.126302718
16-06-2022,Laptop,Electronics,North,6,5310,637.81,Low,0.120114878
20-08-2023,Headphones,Accessories,East,6,2748,682.8,Low,0.248471616
18-09-2024,Printer,Office,South,9,3357,405.61,Low,0.120825141
28-01-2023,Smartwatch,Electronics,West,9,10206,592.77,Low,0.058080541
20-10-2024,Smartphone,Electronics,South,6,2970,425.9,Low,0.143400673
18-05-2022,Mouse,Accessories,West,4,1208,351.47,Low,0.290951987
19-06-2024,Smartwatch,Electronics,South,3,945,135.59,Low,0.143481481
06-07-2022,Monitor,Accessories,East,8,7040,996.02,Low,0.141480114
22-11-2023,Smartphone,Electronics,West,4,3684,1009.1,Medium,0.273914224
23-02-2024,Headphones,Accessories,East,2,1262,190.02,Low,0.150570523
24-06-2022,Mouse,Accessories,South,3,3504,807.65,Low,0.230493721
15-12-2022,Printer,Office,East,6,4464,1122.37,Medium,0.251426971
02-04-2024,Laptop,Electronics,East,4,1324,227.2,Low,0.171601208
17-07-2023,Camera,Electronics,East,6,4140,451.27,Low,0.109002415
03-04-2024,Mouse,Accessories,West,8,2384,120.28,Low,0.05045302
02-05-2022,Laptop,Electronics,West,8,4624,1313.36,Medium,0.284031142
13-12-2023,Smartwatch,Electronics,West,6,4812,662.54,Low,0.137684954
18-01-2022,Tablet,Electronics,North,6,5640,856.44,Low,0.151851064
23-09-2022,Smartwatch,Electronics,West,5,1840,307.09,Low,0.166896739
01-11-2024,Keyboard,Accessories,North,7,8071,435.51,Low,0.053959856
25-10-2022,Keyboard,Accessories,North,3,2400,297.07,Low,0.123779167
01-07-2023,Smartwatch,Electronics,East,6,3570,265.62,Low,0.074403361
27-03-2022,Laptop,Electronics,East,3,1758,245.92,Low,0.139886234
06-08-2023,Monitor,Accessories,North,4,3072,394.2,Low,0.128320313
16-08-2023,Mouse,Accessories,South,5,2185,136.1,Low,0.06228833
03-02-2023,Smartphone,Electronics,North,8,7664,1251.65,Medium,0.163315501
13-03-2024,Headphones,Accessories,West,5,1710,338.1,Low,0.197719298
17-08-2024,Printer,Office,South,2,1878,386.28,Low,0.205686901
22-07-2023,Tablet,Electronics,South,1,569,141.33,Low,0.248383128
05-04-2023,Smartwatch,Electronics,West,3,1488,296.36,Low,0.199166667
20-04-2024,Mouse,Accessories,West,9,9918,1956.17,Medium,0.197234321
19-12-2022,Smartwatch,Electronics,South,3,432,36.84,Low,0.085277778
18-09-2023,Tablet,Electronics,East,9,9828,1300.68,Medium,0.132344322
28-12-2024,Smartwatch,Electronics,North,5,3625,245.52,Low,0.067729655
17-05-2022,Smartwatch,Electronics,South,3,2187,491.13,Low,0.224567901
24-10-2023,Monitor,Accessories,South,5,5105,1003.4,Medium,0.1965524
09-12-2022,Headphones,Accessories,South,3,1392,345.78,Low,0.248405172
07-11-2022,Smartphone,Electronics,North,2,744,110.81,Low,0.148938172
05-06-2023,Smartwatch,Electronics,South,4,1724,233.21,Low,0.135272622
26-10-2023,Mouse,Accessories,West,5,1940,423.17,Low,0.218128866
28-07-2023,Mouse,Accessories,South,4,356,59.15,Low,0.166151685
26-05-2023,Monitor,Accessories,West,5,1095,269.87,Low,0.246456621
07-12-2022,Tablet,Electronics,North,8,4064,543.9,Low,0.133833661
20-11-2024,Smartwatch,Electronics,West,7,5453,1592.37,Medium,0.292017238
31-03-2024,Monitor,Accessories,South,8,7104,529.35,Low,0.074514358
17-04-2024,Keyboard,Accessories,East,9,2745,660.56,Low,0.240641166
06-05-2024,Camera,Electronics,North,5,1030,64.81,Low,0.06292233
25-02-2023,Tablet,Electronics,North,9,8973,471.86,Low,0.052586649
14-12-2022,Keyboard,Accessories,North,2,794,128.5,Low,0.161838791
20-12-2023,Printer,Office,South,6,2142,476.19,Low,0.222310924
13-10-2023,Headphones,Accessories,East,2,414,51.1,Low,0.123429952
14-06-2023,Tablet,Electronics,North,3,1416,220.7,Low,0.155861582
02-04-2022,Tablet,Electronics,South,3,2103,541.35,Low,0.257417974
20-06-2024,Camera,Electronics,West,3,861,173.49,Low,0.201498258
19-05-2024,Headphones,Accessories,West,3,2367,222.26,Low,0.093899451
16-01-2023,Tablet,Electronics,South,5,2435,688.82,Low,0.282882957
07-05-2023,Printer,Office,South,4,2456,163.61,Low,0.06661645
01-07-2023,Laptop,Electronics,East,4,3216,962.49,Low,0.299281716
25-07-2024,Smartwatch,Electronics,East,4,4324,833.11,Low,0.192671138
27-09-2023,Mouse,Accessories,South,4,2628,727.87,Low,0.276967275
12-08-2023,Keyboard,Accessories,West,8,8992,2018.64,High,0.224492883
24-07-2024,Laptop,Electronics,West,6,360,22.16,Low,0.061555556
26-07-2022,Tablet,Electronics,South,3,2067,479.39,Low,0.231925496
03-12-2024,Mouse,Accessories,South,9,3573,550.44,Low,0.154055416
15-08-2023,Laptop,Electronics,South,8,1800,142.86,Low,0.079366667
28-11-2023,Printer,Office,South,8,3912,334.1,Low,0.085403885
03-08-2022,Headphones,Accessories,North,8,5640,747.26,Low,0.132492908
02-09-2022,Tablet,Electronics,South,1,552,115.74,Low,0.209673913
25-04-2022,Mouse,Accessories,South,7,1428,289.65,Low,0.202836134
12-01-2022,Printer,Office,West,1,349,42.05,Low,0.120487106
30-10-2022,Tablet,Electronics,North,6,6402,1366.28,Medium,0.213414558
09-06-2023,Monitor,Accessories,East,9,657,185.95,Low,0.283028919
13-01-2023,Mouse,Accessories,West,7,5327,950.7,Low,0.178468181
27-01-2024,Keyboard,Accessories,North,4,4196,1152.45,Medium,0.274654433
04-11-2023,Laptop,Electronics,East,4,2892,863.47,Low,0.298571923
07-08-2024,Laptop,Electronics,West,9,2772,432.77,Low,0.156121934
13-07-2024,Smartwatch,Electronics,North,6,4692,1044.97,Medium,0.222713129
07-12-2022,Mouse,Accessories,East,6,2742,334.48,Low,0.121983953
16-01-2023,Smartphone,Electronics,North,8,8896,1154.96,Medium,0.129829137
21-11-2022,Mouse,Accessories,North,2,2344,385.19,Low,0.164330205
26-01-2022,Headphones,Accessories,South,7,4186,655.53,Low,0.156600573
14-11-2024,Tablet,Electronics,East,9,5238,1152.42,Medium,0.220011455
20-10-2022,Mouse,Accessories,North,3,2982,452.22,Low,0.151649899
14-05-2024,Smartwatch,Electronics,West,4,2580,602.5,Low,0.233527132
17-01-2024,Keyboard,Accessories,West,5,2675,671.6,Low,0.251065421
30-07-2024,Printer,Office,East,4,2396,608.5,Low,0.253964942
30-09-2024,Laptop,Electronics,West,5,1600,242.25,Low,0.15140625
09-09-2023,Smartwatch,Electronics,North,4,304,34.73,Low,0.114243421
24-05-2024,Keyboard,Accessories,East,9,2070,457.39,Low,0.220961353
12-09-2022,Printer,Office,North,5,1230,158.23,Low,0.128642276
29-05-2023,Camera,Electronics,South,6,6234,758.78,Low,0.121716394
27-01-2024,Headphones,Accessories,South,2,396,46.33,Low,0.116994949
17-08-2023,Mouse,Accessories,East,9,2349,244.18,Low,0.103950617
15-07-2023,Headphones,Accessories,North,9,5949,626.92,Low,0.105382417
15-01-2022,Printer,Office,East,7,5957,1433.85,Medium,0.240700017
04-12-2024,Headphones,Accessories,East,3,1989,299.79,Low,0.150723982
19-11-2024,Mouse,Accessories,South,1,1138,243.36,Low,0.213848858
15-04-2022,Tablet,Electronics,West,9,3321,689.64,Low,0.207660343
03-10-2023,Camera,Electronics,South,4,4480,592.82,Low,0.132325893
14-02-2023,Smartwatch,Electronics,East,3,1533,440.88,Low,0.287592955
10-02-2024,Mouse,Accessories,East,1,109,10.35,Low,0.094954128
07-04-2024,Smartphone,Electronics,South,4,2380,594.86,Low,0.249941176
22-08-2022,Printer,Office,South,8,2592,432.37,Low,0.166809414
08-12-2023,Laptop,Electronics,East,6,5112,1289.47,Medium,0.25224374
02-04-2023,Smartwatch,Electronics,North,8,9392,1753.08,Medium,0.186656729
21-10-2024,Laptop,Electronics,West,2,2386,381.83,Low,0.160029338
03-12-2024,Smartwatch,Electronics,South,5,465,71.23,Low,0.153182796
19-04-2023,Smartphone,Electronics,West,2,604,102.52,Low,0.169735099
02-10-2022,Smartwatch,Electronics,East,2,2216,650.27,Low,0.293443141
06-06-2023,Mouse,Accessories,East,4,1168,220.22,Low,0.188544521
26-01-2022,Monitor,Accessories,South,7,4088,230.43,Low,0.056367417
24-02-2022,Keyboard,Accessories,West,7,2597,152.09,Low,0.058563727
22-08-2023,Smartwatch,Electronics,West,3,2151,322.03,Low,0.149711762
08-09-2024,Laptop,Electronics,East,6,462,71.22,Low,0.154155844
23-10-2022,Mouse,Accessories,North,7,5957,1077.86,Medium,0.180940071
13-12-2023,Smartphone,Electronics,West,6,6978,2028.63,High,0.290717971
20-10-2024,Headphones,Accessories,South,1,282,72.5,Low,0.257092199
05-12-2023,Camera,Electronics,East,1,157,27.65,Low,0.17611465
14-07-2023,Monitor,Accessories,North,8,3304,404.33,Low,0.122375908
13-02-2022,Headphones,Accessories,North,3,3051,201.26,Low,0.065965257
16-06-2024,Mouse,Accessories,East,9,8082,1783.55,Medium,0.220681762
14-10-2024,Laptop,Electronics,West,3,510,110.38,Low,0.216431373
20-04-2024,Tablet,Electronics,East,8,3976,1170.36,Medium,0.294356137
26-12-2023,Smartphone,Electronics,East,9,828,59.99,Low,0.072451691
05-04-2023,Headphones,Accessories,West,7,2457,388.11,Low,0.157960928
02-08-2023,Camera,Electronics,North,4,3924,298.07,Low,0.075960754
30-11-2022,Headphones,Accessories,West,2,2018,227.75,Low,0.112859267
08-09-2024,Monitor,Accessories,West,3,2043,479.9,Low,0.234899657
07-06-2024,Printer,Office,West,5,1035,187.12,Low,0.180792271
12-08-2023,Smartwatch,Electronics,North,6,2724,675.53,Low,0.247991924
02-05-2023,Camera,Electronics,East,1,1120,127.32,Low,0.113678571
26-10-2024,Monitor,Accessories,North,6,3438,631.95,Low,0.183813264
27-09-2022,Smartwatch,Electronics,West,5,3170,379.27,Low,0.119643533
25-06-2023,Smartwatch,Electronics,East,4,660,83.96,Low,0.127212121
05-11-2022,Tablet,Electronics,East,7,4669,1088.15,Medium,0.233058471
12-08-2022,Smartwatch,Electronics,West,5,1045,89,Low,0.085167464
27-02-2022,Keyboard,Accessories,North,4,2724,229.47,Low,0.084240088
14-09-2023,Headphones,Accessories,West,8,5312,1583,Medium,0.298004518
23-11-2024,Tablet,Electronics,West,4,4252,445.18,Low,0.104698965
09-10-2024,Printer,Office,East,7,8057,1652.27,Medium,0.205072608
20-06-2023,Keyboard,Accessories,South,7,2023,274.25,Low,0.135565991
16-03-2024,Monitor,Accessories,South,8,9416,2125.54,High,0.225737043
27-11-2023,Monitor,Accessories,East,8,7560,494.34,Low,0.065388889
08-01-2023,Monitor,Accessories,West,2,828,50.07,Low,0.060471014
07-12-2023,Mouse,Accessories,West,1,527,27.45,Low,0.052087287
11-09-2022,Keyboard,Accessories,North,2,1160,206.49,Low,0.178008621
29-03-2022,Mouse,Accessories,West,5,5430,310.86,Low,0.057248619
15-01-2024,Tablet,Electronics,South,7,6874,454.53,Low,0.066123072
12-07-2023,Printer,Office,East,8,8952,1825.37,Medium,0.20390639
06-06-2022,Mouse,Accessories,East,8,416,67.81,Low,0.163004808
18-11-2023,Smartphone,Electronics,South,3,1680,140.27,Low,0.083494048
27-08-2022,Mouse,Accessories,South,7,4340,383.9,Low,0.088456221
16-01-2022,Laptop,Electronics,West,9,7650,2130.82,High,0.278538562
03-04-2024,Smartwatch,Electronics,West,8,6328,412.76,Low,0.06522756
19-08-2022,Keyboard,Accessories,West,2,1312,344,Low,0.262195122
21-01-2022,Camera,Electronics,East,9,8055,2300.17,High,0.285558038
19-03-2022,Camera,Electronics,South,2,840,153.61,Low,0.182869048
16-03-2023,Tablet,Electronics,South,9,9423,2794.89,High,0.296602993
30-12-2023,Monitor,Accessories,North,8,6520,1113.12,Medium,0.170723926
20-10-2022,Laptop,Electronics,North,3,1950,116.12,Low,0.059548718
16-10-2023,Camera,Electronics,South,6,5928,1177.2,Medium,0.198582996
29-07-2023,Camera,Electronics,South,7,4809,1418.72,Medium,0.295013516
04-06-2023,Smartphone,Electronics,West,4,356,23.4,Low,0.065730337
28-04-2023,Laptop,Electronics,South,2,570,94.39,Low,0.165596491
13-05-2022,Monitor,Accessories,East,7,7791,907.96,Low,0.116539597
10-05-2024,Smartwatch,Electronics,East,4,4168,494.48,Low,0.118637236
21-08-2023,Tablet,Electronics,North,2,684,183.85,Low,0.26878655
05-01-2024,Smartphone,Electronics,East,7,3857,447.99,Low,0.116149857
07-09-2024,Camera,Electronics,North,5,3250,699.99,Low,0.215381538
03-08-2023,Printer,Office,North,6,1194,79.62,Low,0.066683417
07-05-2023,Laptop,Electronics,West,6,3486,320.91,Low,0.092056799
05-08-2022,Monitor,Accessories,West,7,1554,370.97,Low,0.238719434
19-07-2024,Smartwatch,Electronics,North,3,2601,463.36,Low,0.178146867
15-11-2022,Headphones,Accessories,West,4,3616,745.75,Low,0.206236173
01-02-2023,Mouse,Accessories,West,5,3350,986.33,Low,0.294426866
20-12-2023,Smartwatch,Electronics,South,5,2545,588.47,Low,0.231225933
26-08-2024,Monitor,Accessories,East,1,545,68.28,Low,0.125284404
19-12-2023,Mouse,Accessories,North,7,1470,178.85,Low,0.121666667
30-11-2023,Camera,Electronics,South,3,3126,870.95,Low,0.278614843
27-12-2024,Laptop,Electronics,West,3,1368,302.29,Low,0.220972222
21-12-2024,Headphones,Accessories,East,9,7083,1353.39,Medium,0.191075815
28-01-2024,Printer,Office,East,2,1994,453.74,Low,0.227552658
03-09-2022,Camera,Electronics,North,4,4716,1084.16,Medium,0.229889737
29-02-2024,Monitor,Accessories,South,1,975,125.85,Low,0.129076923
21-04-2023,Smartphone,Electronics,West,9,9891,1774.03,Medium,0.179358002
24-05-2024,Smartwatch,Electronics,South,2,626,159.49,Low,0.254776358
19-05-2024,Monitor,Accessories,East,8,5632,1620.04,Medium,0.287649148
10-09-2024,Printer,Office,West,3,2568,734.6,Low,0.28605919
12-09-2023,Tablet,Electronics,East,7,5285,629.07,Low,0.119029328
08-11-2023,Camera,Electronics,East,2,516,122.77,Low,0.237926357
31-05-2022,Monitor,Accessories,East,3,2139,503.08,Low,0.235194016
05-01-2023,Laptop,Electronics,East,9,8136,1923.89,Medium,0.236466323
25-10-2024,Laptop,Electronics,West,5,2130,318.99,Low,0.149760563
01-04-2024,Headphones,Accessories,South,5,3445,202.15,Low,0.058679245
16-12-2024,Tablet,Electronics,East,8,5376,429.84,Low,0.079955357
05-08-2023,Printer,Office,West,6,3006,730.14,Low,0.242894212
31-12-2022,Headphones,Accessories,North,7,3941,1113.85,Medium,0.282631312
10-03-2023,Monitor,Accessories,North,5,3350,389.95,Low,0.116402985
05-05-2024,Printer,Office,South,3,2019,265.44,Low,0.131471025
09-06-2022,Headphones,Accessories,North,8,2416,403.38,Low,0.166961921
13-05-2022,Monitor,Accessories,West,8,6160,684.71,Low,0.111154221
07-04-2022,Printer,Office,East,4,2796,682.65,Low,0.244152361
19-12-2024,Smartwatch,Electronics,South,7,7700,1573.41,Medium,0.204338961
17-06-2024,Smartwatch,Electronics,West,5,2095,193.93,Low,0.092568019
25-09-2024,Camera,Electronics,North,5,5990,1548.62,Medium,0.258534224
27-12-2024,Smartwatch,Electronics,North,2,1206,307.02,Low,0.254577114
15-03-2024,Smartwatch,Electronics,South,5,1330,285.78,Low,0.21487218
25-07-2022,Camera,Electronics,West,6,2706,766.68,Low,0.283325942
14-01-2023,Laptop,Electronics,East,3,426,50.8,Low,0.119248826
13-11-2024,Tablet,Electronics,West,1,414,50.26,Low,0.121400966
29-06-2024,Laptop,Electronics,East,5,5465,546.33,Low,0.099968893
22-05-2024,Tablet,Electronics,South,3,726,71.06,Low,0.097878788
30-04-2022,Smartwatch,Electronics,East,1,1001,225.75,Low,0.225524476
16-02-2022,Mouse,Accessories,West,9,7362,1866.65,Medium,0.253552024
14-05-2022,Keyboard,Accessories,East,4,2284,576.59,Low,0.252447461
17-12-2022,Tablet,Electronics,East,4,2940,566.36,Low,0.192639456
16-05-2023,Printer,Office,South,4,3068,868.89,Low,0.283210561
07-08-2024,Smartphone,Electronics,North,3,3477,862.21,Low,0.247975266
04-08-2024,Smartwatch,Electronics,West,9,4014,204.48,Low,0.050941704
07-08-2024,Monitor,Accessories,North,8,7200,804.53,Low,0.111740278
03-04-2024,Smartwatch,Electronics,West,3,735,134.53,Low,0.183034014
31-01-2023,Monitor,Accessories,East,3,2964,446.54,Low,0.150654521
25-03-2022,Camera,Electronics,West,9,3699,276.07,Low,0.074633685
14-05-2022,Printer,Office,West,3,1563,221.62,Low,0.141791427
13-07-2023,Mouse,Accessories,South,2,124,32.27,Low,0.260241935
03-07-2023,Mouse,Accessories,North,2,416,71.68,Low,0.172307692
07-03-2023,Camera,Electronics,South,8,2624,294.24,Low,0.112134146
04-11-2024,Headphones,Accessories,East,4,1636,134.85,Low,0.08242665
24-12-2023,Headphones,Accessories,East,8,8200,1978.93,Medium,0.241332927
10-03-2022,Mouse,Accessories,East,5,5615,715.58,Low,0.127440784
30-09-2022,Printer,Office,East,5,3085,413.52,Low,0.134042139
07-12-2024,Keyboard,Accessories,South,6,3198,913.76,Low,0.28572858
13-02-2022,Camera,Electronics,West,4,1848,374.66,Low,0.202738095
11-04-2023,Smartwatch,Electronics,North,4,652,116.06,Low,0.178006135
22-11-2022,Mouse,Accessories,South,6,2940,609.99,Low,0.207479592
29-05-2022,Headphones,Accessories,East,4,3912,454.89,Low,0.116280675
09-10-2022,Tablet,Electronics,South,8,9392,891.07,Low,0.094875426
21-10-2022,Monitor,Accessories,West,1,312,43.01,Low,0.137852564
24-11-2023,Laptop,Electronics,East,9,7731,1459.74,Medium,0.188816453
23-06-2023,Tablet,Electronics,West,1,1081,229.32,Low,0.21213691
16-08-2023,Smartphone,Electronics,West,6,1926,393.01,Low,0.204055036
26-07-2022,Monitor,Accessories,East,3,936,88.51,Low,0.094561966
29-12-2024,Laptop,Electronics,South,9,8550,1970.98,Medium,0.230523977
24-08-2023,Monitor,Accessories,North,4,2468,457.51,Low,0.185376823
04-09-2023,Tablet,Electronics,West,3,801,90.34,Low,0.11278402
03-01-2023,Laptop,Electronics,East,9,2655,701.11,Low,0.264071563
30-11-2023,Smartwatch,Electronics,West,8,3928,700.38,Low,0.178304481
11-07-2024,Monitor,Accessories,East,8,6488,1438.34,Medium,0.221692355
03-02-2024,Headphones,Accessories,West,9,7695,1749.26,Medium,0.227324237
19-07-2023,Headphones,Accessories,West,2,1856,468.19,Low,0.252257543
14-04-2022,Smartwatch,Electronics,North,7,1519,403.63,Low,0.265720869
19-01-2024,Tablet,Electronics,West,3,3549,996.05,Low,0.280656523
12-09-2024,Laptop,Electronics,East,3,1656,378.84,Low,0.228768116
24-08-2024,Keyboard,Accessories,North,7,812,175.55,Low,0.216194581
25-12-2022,Mouse,Accessories,North,5,3730,864.41,Low,0.231745308
24-12-2023,Monitor,Accessories,South,1,1161,210.87,Low,0.181627907
18-05-2022,Headphones,Accessories,North,3,2256,282.52,Low,0.125230496
28-09-2024,Monitor,Accessories,East,1,359,78.17,Low,0.217743733
23-03-2024,Headphones,Accessories,East,2,130,11.1,Low,0.085384615
26-09-2022,Mouse,Accessories,South,8,4248,831.54,Low,0.195748588
04-10-2024,Camera,Electronics,South,5,1825,221.47,Low,0.121353425
25-09-2024,Keyboard,Accessories,East,2,876,224.01,Low,0.255719178
03-01-2023,Camera,Electronics,North,9,9180,2752.84,High,0.299873638
26-03-2024,Monitor,Accessories,West,5,1765,160.89,Low,0.091155807
06-10-2022,Monitor,Accessories,South,2,1504,164.51,Low,0.109381649
30-06-2022,Keyboard,Accessories,South,9,1881,430.78,Low,0.229016481
16-01-2022,Keyboard,Accessories,East,9,7425,1533.72,Medium,0.206561616
16-10-2022,Tablet,Electronics,East,9,720,192.83,Low,0.267819444
07-05-2024,Smartphone,Electronics,West,5,2985,698.22,Low,0.233909548
04-01-2022,Laptop,Electronics,North,9,711,200.11,Low,0.281448664
13-08-2024,Printer,Office,South,6,6276,1396.25,Medium,0.222474506
13-01-2023,Mouse,Accessories,East,7,7966,955.8,Low,0.119984936
14-03-2023,Headphones,Accessories,East,8,4200,854.89,Low,0.203545238
17-05-2024,Laptop,Electronics,East,7,455,80,Low,0.175824176
15-10-2024,Keyboard,Accessories,South,8,5040,465.36,Low,0.092333333
11-09-2023,Mouse,Accessories,East,1,856,87.69,Low,0.102441589
20-07-2023,Monitor,Accessories,West,5,5230,385.77,Low,0.073760994
19-03-2022,Laptop,Electronics,South,5,4635,769.03,Low,0.165918015
07-12-2024,Laptop,Electronics,East,6,5508,360.28,Low,0.065410312
06-06-2023,Smartphone,Electronics,North,1,258,27.01,Low,0.104689922
13-07-2023,Smartphone,Electronics,East,1,677,88.41,Low,0.130590842
10-07-2023,Monitor,Accessories,West,5,4545,755.05,Low,0.166127613
09-09-2024,Smartphone,Electronics,South,5,4370,1255.36,Medium,0.287267735
06-01-2023,Keyboard,Accessories,East,3,372,57.51,Low,0.154596774
05-09-2024,Camera,Electronics,West,9,3177,629.96,Low,0.198287693
19-04-2023,Printer,Office,South,7,1659,127.48,Low,0.076841471
20-04-2023,Tablet,Electronics,South,3,3360,759.31,Low,0.225985119
02-03-2023,Smartphone,Electronics,West,2,1132,290.56,Low,0.256678445
05-10-2024,Smartwatch,Electronics,East,5,1815,468.62,Low,0.258192837
11-11-2023,Mouse,Accessories,North,1,459,125.19,Low,0.272745098
15-11-2023,Smartphone,Electronics,West,1,1128,73.74,Low,0.06537234
30-10-2024,Monitor,Accessories,East,6,1170,104.63,Low,0.08942735
01-08-2022,Smartwatch,Electronics,North,5,4420,380.69,Low,0.086128959
29-02-2024,Smartphone,Electronics,West,6,456,69.15,Low,0.151644737
25-02-2024,Tablet,Electronics,North,2,1458,154.79,Low,0.106165981
24-06-2024,Monitor,Accessories,West,7,2989,197.58,Low,0.066102375
20-12-2024,Camera,Electronics,North,4,3424,845.68,Low,0.246985981
14-10-2024,Mouse,Accessories,West,2,1226,124.25,Low,0.10134584
16-11-2024,Laptop,Electronics,North,8,6760,1097.63,Medium,0.162371302
25-09-2023,Smartphone,Electronics,West,1,111,13.61,Low,0.122612613
09-06-2023,Printer,Office,North,5,3275,222.29,Low,0.067874809
08-09-2024,Headphones,Accessories,North,3,2508,498.69,Low,0.198839713
01-09-2024,Keyboard,Accessories,South,8,904,202.35,Low,0.223838496
05-09-2024,Printer,Office,West,3,1506,427.84,Low,0.284090305
23-10-2022,Smartphone,Electronics,South,3,987,97.01,Low,0.098287741
29-01-2022,Smartphone,Electronics,East,7,2968,728.94,Low,0.24559973
17-03-2022,Mouse,Accessories,South,5,4200,746.86,Low,0.17782381
16-01-2024,Smartwatch,Electronics,North,5,1645,313.66,Low,0.190674772
25-11-2024,Printer,Office,East,3,3282,492.59,Low,0.150088361
13-02-2022,Headphones,Accessories,East,9,4914,1160.45,Medium,0.236151811
30-03-2023,Laptop,Electronics,North,6,3924,762.96,Low,0.194434251
12-09-2023,Headphones,Accessories,South,6,420,65.62,Low,0.156238095
28-06-2024,Printer,Office,West,4,1544,106.02,Low,0.068665803
29-08-2022,Headphones,Accessories,East,2,2046,233.47,Low,0.114110459
22-11-2023,Headphones,Accessories,West,2,1548,157.48,Low,0.101731266
10-05-2023,Keyboard,Accessories,North,4,3184,478.27,Low,0.150210427
17-10-2024,Printer,Office,South,5,3385,774.86,Low,0.228909897
11-10-2023,Monitor,Accessories,North,1,59,10.32,Low,0.174915254
18-05-2024,Monitor,Accessories,South,8,5976,1016.99,Medium,0.17017905
30-01-2023,Mouse,Accessories,West,3,1791,122.5,Low,0.068397543
13-01-2023,Smartwatch,Electronics,West,2,1644,189.32,Low,0.115158151
17-05-2024,Tablet,Electronics,West,8,6584,544.62,Low,0.082718712
03-08-2022,Headphones,Accessories,East,5,1620,325.87,Low,0.201154321
06-02-2024,Mouse,Accessories,West,9,2736,407.22,Low,0.148837719
11-04-2024,Monitor,Accessories,South,4,1064,274.47,Low,0.257960526
18-06-2024,Camera,Electronics,South,7,2667,363.5,Low,0.136295463
03-04-2023,Headphones,Accessories,South,3,735,217.79,Low,0.296312925
18-12-2024,Laptop,Electronics,East,1,58,11.25,Low,0.193965517
25-04-2023,Camera,Electronics,South,7,3136,850.3,Low,0.271141582
17-09-2023,Mouse,Accessories,East,4,3936,374.34,Low,0.095106707
23-11-2022,Smartphone,Electronics,East,9,6102,947.91,Low,0.155344149
17-05-2024,Smartphone,Electronics,North,8,9408,552.44,Low,0.058720238
14-12-2022,Mouse,Accessories,South,9,7875,1243.56,Medium,0.157912381
13-10-2024,Keyboard,Accessories,North,9,9900,576.8,Low,0.058262626
16-10-2024,Keyboard,Accessories,North,2,430,114.91,Low,0.267232558
18-09-2023,Mouse,Accessories,South,3,813,238.1,Low,0.292865929
09-12-2023,Camera,Electronics,South,4,4176,980.11,Low,0.23470067
02-10-2023,Camera,Electronics,South,4,3084,348.38,Low,0.112963684
31-03-2022,Mouse,Accessories,West,7,8008,1593.65,Medium,0.199007243
12-06-2024,Smartwatch,Electronics,South,4,4608,963.5,Low,0.209092882
16-06-2024,Headphones,Accessories,West,4,4356,614.62,Low,0.141097337
04-09-2023,Printer,Office,South,1,566,169.17,Low,0.298886926
02-12-2022,Laptop,Electronics,East,7,945,75.21,Low,0.079587302
12-11-2022,Smartwatch,Electronics,North,4,2200,484.33,Low,0.22015
30-12-2024,Mouse,Accessories,North,1,746,131.25,Low,0.175938338
06-12-2024,Monitor,Accessories,East,5,3505,678.18,Low,0.193489301
26-05-2024,Monitor,Accessories,East,5,4795,819.12,Low,0.170827946
20-10-2024,Monitor,Accessories,North,5,4590,650.05,Low,0.141623094
04-05-2023,Monitor,Accessories,North,4,2092,467.02,Low,0.223240918
09-05-2024,Mouse,Accessories,South,8,3568,334.13,Low,0.0936463
07-12-2023,Smartphone,Electronics,West,9,10404,2028.21,High,0.194945213
10-12-2022,Printer,Office,South,9,7029,1005.58,Medium,0.143061602
21-11-2022,Laptop,Electronics,West,8,664,126.6,Low,0.190662651
20-11-2024,Tablet,Electronics,West,3,1923,274,Low,0.142485699
30-11-2022,Printer,Office,West,7,2471,566.51,Low,0.229263456
03-01-2024,Smartphone,Electronics,North,2,258,64.12,Low,0.248527132
29-10-2024,Smartwatch,Electronics,East,9,1134,267.26,Low,0.235679012
24-09-2024,Headphones,Accessories,East,5,855,238.83,Low,0.279333333
09-04-2024,Smartwatch,Electronics,West,9,3231,670.85,Low,0.207629217
05-09-2024,Tablet,Electronics,South,7,3591,266.59,Low,0.074238374
03-02-2024,Camera,Electronics,East,2,254,20.48,Low,0.080629921
17-03-2023,Smartphone,Electronics,South,5,5930,1193.32,Medium,0.201234401
15-07-2024,Headphones,Accessories,West,2,1344,297.99,Low,0.22171875
20-03-2023,Laptop,Electronics,East,1,920,98.31,Low,0.106858696
28-08-2022,Printer,Office,North,9,5454,385.51,Low,0.070683902
01-12-2022,Laptop,Electronics,West,8,9512,663.23,Low,0.06972561
21-01-2023,Mouse,Accessories,North,4,2972,827.46,Low,0.278418573
23-05-2024,Smartwatch,Electronics,West,3,3360,465.02,Low,0.13839881
24-10-2022,Tablet,Electronics,West,4,1004,240.13,Low,0.239173307
25-12-2024,Headphones,Accessories,West,2,1944,332.55,Low,0.171064815
18-09-2023,Monitor,Accessories,East,5,5055,1200.09,Medium,0.237406528
18-07-2022,Smartwatch,Electronics,West,2,128,8.33,Low,0.065078125
09-03-2024,Smartphone,Electronics,East,3,633,163.03,Low,0.257551343
14-12-2022,Printer,Office,South,3,2523,506.7,Low,0.200832342
06-11-2023,Printer,Office,West,1,196,39.6,Low,0.202040816
11-02-2022,Printer,Office,East,9,4212,552.96,Low,0.131282051
28-03-2024,Monitor,Accessories,North,1,63,17.29,Low,0.274444444
02-07-2023,Mouse,Accessories,South,8,2752,394.66,Low,0.14340843
11-11-2024,Mouse,Accessories,West,3,1989,419.61,Low,0.210965309
09-03-2024,Laptop,Electronics,East,8,8032,466.19,Low,0.058041584
21-01-2022,Tablet,Electronics,South,6,3702,407.34,Low,0.110032415
17-10-2022,Smartwatch,Electronics,East,8,456,90.24,Low,0.197894737
10-02-2023,Camera,Electronics,West,7,5355,1143.16,Medium,0.213475257
04-03-2024,Camera,Electronics,West,1,972,261.91,Low,0.269454733
08-01-2022,Headphones,Accessories,South,5,3290,797.82,Low,0.24249848
24-11-2022,Laptop,Electronics,East,1,735,139.31,Low,0.189537415
24-10-2024,Tablet,Electronics,North,3,3336,798.26,Low,0.239286571
03-10-2022,Keyboard,Accessories,West,3,2082,346.53,Low,0.166440922
18-07-2024,Keyboard,Accessories,East,2,1340,129.89,Low,0.096932836
13-03-2022,Laptop,Electronics,East,5,1160,227.13,Low,0.195801724
21-09-2024,Monitor,Accessories,East,4,1272,299.84,Low,0.23572327
14-01-2022,Printer,Office,West,3,2817,588.47,Low,0.208899539
05-03-2024,Monitor,Accessories,East,3,1464,264.67,Low,0.180785519
13-02-2023,Headphones,Accessories,West,1,307,60.51,Low,0.197100977
01-10-2022,Tablet,Electronics,West,6,5706,1306.92,Medium,0.229043113
25-05-2024,Headphones,Accessories,North,1,1112,100.47,Low,0.090350719
15-07-2023,Keyboard,Accessories,West,1,1147,133.48,Low,0.116373147
11-02-2023,Laptop,Electronics,North,2,330,66.57,Low,0.201727273
12-07-2023,Monitor,Accessories,North,4,2176,250.89,Low,0.115298713
19-03-2022,Headphones,Accessories,South,7,7616,1317.79,Medium,0.173029149
16-07-2024,Printer,Office,North,1,1091,258.3,Low,0.23675527
03-04-2024,Tablet,Electronics,East,2,1026,279.76,Low,0.272670565
17-11-2024,Tablet,Electronics,West,2,210,42.04,Low,0.200190476
17-09-2022,Printer,Office,North,2,180,10.78,Low,0.059888889
12-09-2024,Tablet,Electronics,North,4,380,72.88,Low,0.191789474
13-08-2023,Monitor,Accessories,West,8,7664,1580.55,Medium,0.206230428
22-10-2022,Smartphone,Electronics,East,8,6056,1029.9,Medium,0.170062748
28-01-2022,Mouse,Accessories,North,6,606,104.52,Low,0.172475248
30-03-2024,Monitor,Accessories,North,3,750,193.86,Low,0.25848
11-12-2024,Printer,Office,East,2,1218,218.88,Low,0.179704433
26-03-2023,Laptop,Electronics,West,2,2162,355.45,Low,0.164407956
13-03-2023,Headphones,Accessories,East,9,2223,347.01,Low,0.156099865
19-09-2023,Smartphone,Electronics,West,7,4452,920.05,Low,0.206659928
08-02-2022,Printer,Office,West,1,184,50.19,Low,0.272771739
05-04-2022,Headphones,Accessories,North,3,288,77.38,Low,0.268680556
24-01-2024,Camera,Electronics,West,2,834,150.12,Low,0.18
20-08-2023,Keyboard,Accessories,East,5,4025,923.17,Low,0.229359006
08-09-2023,Headphones,Accessories,West,7,4732,1084.28,Medium,0.229137785
19-05-2022,Headphones,Accessories,West,5,4025,407.72,Low,0.101296894
15-07-2023,Printer,Office,South,8,2416,500.93,Low,0.207338576
16-03-2024,Tablet,Electronics,North,7,1897,524.69,Low,0.276589352
16-04-2022,Mouse,Accessories,East,4,840,190.13,Low,0.226345238
02-01-2022,Mouse,Accessories,North,8,6600,360.45,Low,0.054613636
20-10-2022,Laptop,Electronics,West,2,2362,342.27,Low,0.144906859
04-02-2024,Headphones,Accessories,South,6,2958,577.27,Low,0.19515551
22-03-2024,Tablet,Electronics,East,1,477,56.49,Low,0.118427673
04-06-2022,Keyboard,Accessories,North,3,942,84.8,Low,0.090021231
21-01-2023,Camera,Electronics,East,2,2084,586.72,Low,0.281535509
16-08-2023,Tablet,Electronics,West,6,4584,473.37,Low,0.103265707
28-05-2022,Printer,Office,East,1,1118,319.28,Low,0.285581395
30-04-2024,Mouse,Accessories,North,9,4005,652.15,Low,0.162833958
04-03-2024,Smartwatch,Electronics,East,5,4610,1293.37,Medium,0.280557484
14-10-2024,Keyboard,Accessories,South,1,551,86.84,Low,0.157604356
05-08-2022,Printer,Office,West,1,75,19.29,Low,0.2572
19-12-2023,Mouse,Accessories,South,6,6576,1899.67,Medium,0.288879258
26-03-2023,Printer,Office,North,6,6432,1410.52,Medium,0.219297264
08-08-2022,Headphones,Accessories,South,7,7763,1444.27,Medium,0.186045343
02-03-2024,Monitor,Accessories,East,7,2240,622.29,Low,0.277808036
04-12-2022,Headphones,Accessories,East,6,5298,1209.88,Medium,0.228365421
15-07-2023,Smartwatch,Electronics,North,2,116,32.27,Low,0.278189655
02-02-2022,Tablet,Electronics,East,8,6728,1140.19,Medium,0.169469382
02-12-2022,Monitor,Accessories,North,5,490,55.59,Low,0.11344898
26-01-2024,Monitor,Accessories,North,7,2765,699.86,Low,0.253113924
21-04-2022,Smartphone,Electronics,West,8,2680,598.97,Low,0.223496269
19-08-2023,Camera,Electronics,East,2,2174,335.37,Low,0.154264029
11-04-2024,Monitor,Accessories,North,9,5562,1258.12,Medium,0.226199209
27-09-2022,Smartphone,Electronics,East,8,9208,2595.33,High,0.281855995
31-08-2024,Smartphone,Electronics,West,4,4512,546.71,Low,0.121167996
04-03-2024,Camera,Electronics,West,9,7974,1965.96,Medium,0.246546275
30-04-2022,Monitor,Accessories,East,6,4944,1335.04,Medium,0.270032362
19-03-2022,Printer,Office,South,3,1611,234.84,Low,0.145772812
05-07-2024,Smartwatch,Electronics,West,9,4599,618.89,Low,0.134570559
21-03-2024,Laptop,Electronics,East,6,4380,419.3,Low,0.095730594
20-10-2024,Headphones,Accessories,South,2,2376,580.26,Low,0.244217172
03-01-2023,Monitor,Accessories,South,9,6588,1800.9,Medium,0.273360656
05-01-2022,Mouse,Accessories,East,5,3745,720.08,Low,0.192277704
18-06-2022,Camera,Electronics,North,5,5305,1389.25,Medium,0.261875589
19-05-2023,Tablet,Electronics,North,8,1608,332.12,Low,0.206542289
18-07-2024,Monitor,Accessories,East,9,4977,745.81,Low,0.149851316
09-02-2022,Smartphone,Electronics,East,7,4529,273.97,Low,0.060492382
15-04-2024,Camera,Electronics,West,7,4690,319.42,Low,0.06810661
12-11-2024,Keyboard,Accessories,East,4,2424,544.07,Low,0.22445132
27-11-2024,Keyboard,Accessories,North,6,3594,610.77,Low,0.169941569
03-05-2022,Keyboard,Accessories,North,7,3962,491.9,Low,0.124154467
14-03-2024,Camera,Electronics,East,2,944,149.38,Low,0.158241525
20-12-2022,Smartwatch,Electronics,West,6,6792,1787.97,Medium,0.263246466
06-03-2023,Tablet,Electronics,North,7,6804,1383.81,Medium,0.203381834
20-09-2024,Camera,Electronics,South,6,816,98.75,Low,0.121017157
10-07-2022,Monitor,Accessories,North,6,5916,544.59,Low,0.092053753
17-06-2022,Mouse,Accessories,South,5,5730,310.58,Low,0.054202443
13-05-2024,Headphones,Accessories,East,7,8288,785.54,Low,0.094780405
24-06-2022,Headphones,Accessories,South,2,2046,394.93,Low,0.193025415
05-06-2022,Tablet,Electronics,East,9,5031,1149.48,Medium,0.228479428
10-03-2022,Keyboard,Accessories,South,9,1764,417.95,Low,0.236933107
23-07-2022,Laptop,Electronics,South,8,1880,486.88,Low,0.258978723
25-12-2023,Smartwatch,Electronics,West,2,200,10.45,Low,0.05225
06-10-2022,Mouse,Accessories,East,3,2688,476.77,Low,0.177369792
02-01-2023,Laptop,Electronics,West,4,3216,213.81,Low,0.066483209
21-12-2023,Camera,Electronics,East,8,8440,1504.18,Medium,0.178220379
26-04-2024,Tablet,Electronics,East,7,1582,208.42,Low,0.131744627
12-07-2024,Laptop,Electronics,North,1,58,10.79,Low,0.186034483
26-03-2022,Smartwatch,Electronics,West,8,608,163.18,Low,0.268388158
19-11-2024,Smartphone,Electronics,North,3,183,41.82,Low,0.22852459
02-07-2024,Monitor,Accessories,West,5,3105,744.26,Low,0.239697262
13-04-2023,Monitor,Accessories,North,5,2450,485.18,Low,0.198032653
05-12-2022,Laptop,Electronics,North,3,3024,622.29,Low,0.20578373
20-04-2023,Printer,Office,East,4,3856,747.79,Low,0.193928942
11-03-2024,Keyboard,Accessories,West,7,532,121.03,Low,0.2275
19-02-2023,Smartphone,Electronics,South,4,3152,307.62,Low,0.097595178
04-12-2023,Monitor,Accessories,East,9,8586,1555.82,Medium,0.181204286
21-10-2022,Monitor,Accessories,South,2,1046,273.38,Low,0.261357553
15-02-2022,Tablet,Electronics,West,4,3452,560.31,Low,0.1623146
12-03-2022,Monitor,Accessories,West,4,2368,361.02,Low,0.15245777
20-10-2022,Camera,Electronics,South,2,1924,422.25,Low,0.219464657
19-09-2022,Laptop,Electronics,West,5,4580,1148.06,Medium,0.250668122
02-11-2024,Headphones,Accessories,East,5,3735,423.94,Low,0.113504685
13-05-2023,Monitor,Accessories,North,4,2476,417.16,Low,0.168481422
13-07-2023,Laptop,Electronics,South,2,162,16.51,Low,0.10191358
04-07-2022,Printer,Office,West,3,258,38.03,Low,0.147403101
19-03-2022,Keyboard,Accessories,East,4,3524,998.29,Low,0.283283201
27-05-2023,Smartwatch,Electronics,South,8,6184,1796.9,Medium,0.290572445
07-03-2023,Monitor,Accessories,West,6,3750,645.69,Low,0.172184
15-04-2022,Mouse,Accessories,South,5,1465,424.64,Low,0.289856655
28-03-2024,Camera,Electronics,North,4,4480,412.05,Low,0.091975446
29-02-2024,Laptop,Electronics,North,8,1544,281.22,Low,0.182137306
21-01-2024,Headphones,Accessories,North,9,7974,1181.04,Medium,0.148111362
30-03-2024,Printer,Office,East,5,5920,1679.15,Medium,0.283640203
02-10-2024,Smartwatch,Electronics,South,8,8792,2045.54,High,0.232659236
18-12-2023,Smartwatch,Electronics,East,1,294,52.37,Low,0.178129252
23-01-2022,Camera,Electronics,East,7,1169,264.37,Low,0.226150556
14-02-2024,Camera,Electronics,West,8,9232,880.52,Low,0.09537695
09-10-2023,Headphones,Accessories,South,4,1396,135.48,Low,0.097048711
23-01-2024,Camera,Electronics,North,9,10188,1408.18,Medium,0.138219474
13-09-2022,Monitor,Accessories,West,2,222,23.65,Low,0.106531532
03-04-2024,Monitor,Accessories,West,2,1328,358.07,Low,0.269631024
06-11-2024,Printer,Office,East,9,5085,488.63,Low,0.096092429
02-08-2024,Mouse,Accessories,West,3,1245,229.73,Low,0.184522088
18-08-2022,Tablet,Electronics,South,2,960,124.02,Low,0.1291875
03-03-2024,Smartphone,Electronics,West,9,5553,329.79,Low,0.059389519
10-09-2023,Keyboard,Accessories,North,2,1790,236.76,Low,0.132268156
11-07-2024,Keyboard,Accessories,West,8,2712,247.84,Low,0.091386431
06-05-2024,Laptop,Electronics,North,1,632,89.14,Low,0.141044304
13-01-2022,Headphones,Accessories,South,8,4904,520.74,Low,0.106186786
05-12-2022,Keyboard,Accessories,South,1,361,58.8,Low,0.162880886
11-02-2022,Printer,Office,West,9,7290,841.07,Low,0.115373114
08-03-2024,Smartwatch,Electronics,South,4,2052,181.64,Low,0.088518519
21-05-2024,Mouse,Accessories,North,3,1842,112.85,Low,0.061264929
06-12-2023,Mouse,Accessories,North,9,10593,2488.69,High,0.234937223
28-08-2022,Camera,Electronics,South,6,1218,129.36,Low,0.106206897
19-11-2023,Mouse,Accessories,South,5,4240,426.41,Low,0.100568396
29-10-2024,Keyboard,Accessories,East,2,226,38.52,Low,0.170442478
25-03-2022,Camera,Electronics,East,6,5154,1072.8,Medium,0.20814901
30-07-2023,Mouse,Accessories,North,6,1236,304.88,Low,0.246666667
14-11-2022,Tablet,Electronics,South,1,1179,159.42,Low,0.135216285
29-12-2024,Printer,Office,West,5,2275,313.5,Low,0.137802198
21-05-2023,Smartwatch,Electronics,North,7,6188,1231.3,Medium,0.1989819
16-12-2023,Headphones,Accessories,West,3,2946,666.99,Low,0.226405295
10-09-2023,Headphones,Accessories,South,5,5085,1172.12,Medium,0.230505408
02-05-2022,Keyboard,Accessories,North,2,712,205.53,Low,0.28866573
03-02-2023,Smartwatch,Electronics,East,6,648,62.25,Low,0.096064815
02-02-2023,Mouse,Accessories,North,5,2735,483.2,Low,0.176672761
26-12-2022,Printer,Office,North,6,2910,173.45,Low,0.059604811
15-05-2022,Smartwatch,Electronics,South,1,263,69.39,Low,0.263840304
05-12-2023,Smartphone,Electronics,North,2,876,66.68,Low,0.076118721
05-11-2023,Mouse,Accessories,West,1,913,162.24,Low,0.17769989
13-10-2024,Laptop,Electronics,South,9,594,93.92,Low,0.158114478
27-02-2022,Headphones,Accessories,South,2,956,202.14,Low,0.211443515
17-06-2024,Laptop,Electronics,East,7,7301,2026.43,High,0.277555129
14-05-2023,Headphones,Accessories,South,6,5754,1628.61,Medium,0.283039625
21-06-2022,Headphones,Accessories,East,4,1372,274.47,Low,0.20005102
08-07-2022,Headphones,Accessories,North,8,920,214.27,Low,0.232902174
18-01-2024,Smartphone,Electronics,North,3,885,150.79,Low,0.170384181
30-12-2024,Camera,Electronics,North,1,379,39.41,Low,0.103984169
09-09-2024,Headphones,Accessories,West,8,1024,201.92,Low,0.1971875
04-05-2024,Keyboard,Accessories,West,4,4312,388.48,Low,0.090092764
06-06-2023,Mouse,Accessories,East,5,5030,540.73,Low,0.107500994
31-01-2022,Smartphone,Electronics,West,2,1438,315.83,Low,0.219631433
07-04-2022,Keyboard,Accessories,South,1,419,108.36,Low,0.258615752
24-02-2022,Headphones,Accessories,East,3,3519,935.72,Low,0.265905087
03-04-2022,Tablet,Electronics,East,8,2912,451.97,Low,0.155209478
20-02-2023,Smartphone,Electronics,North,5,4005,226.09,Low,0.056451935
22-08-2023,Smartwatch,Electronics,South,5,2075,271.71,Low,0.130944578
23-02-2023,Laptop,Electronics,South,2,120,7.74,Low,0.0645
12-08-2024,Camera,Electronics,North,4,564,32.8,Low,0.058156028
01-10-2023,Smartwatch,Electronics,East,2,486,62.58,Low,0.128765432
15-04-2023,Smartwatch,Electronics,East,2,1488,342.87,Low,0.230423387
24-02-2023,Laptop,Electronics,West,6,3096,277.68,Low,0.089689922
04-11-2022,Smartwatch,Electronics,West,8,6488,1845.07,Medium,0.284381936
11-04-2024,Smartwatch,Electronics,West,4,4284,848.44,Low,0.198048553
05-07-2022,Smartwatch,Electronics,North,8,1864,110.81,Low,0.059447425
08-05-2024,Camera,Electronics,West,5,4435,954.12,Low,0.21513416
03-10-2024,Camera,Electronics,East,4,3296,460.98,Low,0.139860437
05-05-2023,Mouse,Accessories,East,3,780,217.92,Low,0.279384615
02-06-2022,Smartwatch,Electronics,East,7,4396,962.61,Low,0.218974067
02-05-2023,Keyboard,Accessories,South,6,1362,202.68,Low,0.148810573
13-01-2022,Mouse,Accessories,East,7,3843,378.03,Low,0.098368462
09-09-2022,Printer,Office,East,2,2080,450.24,Low,0.216461538
07-04-2022,Mouse,Accessories,South,5,1210,201.45,Low,0.166487603
15-11-2023,Printer,Office,West,3,2316,356.5,Low,0.153929188
18-07-2023,Monitor,Accessories,West,6,3366,614.22,Low,0.182477718
07-06-2024,Tablet,Electronics,West,9,6507,1075.51,Medium,0.165285078
14-05-2024,Mouse,Accessories,South,1,384,35.36,Low,0.092083333
05-01-2022,Laptop,Electronics,South,5,3625,563.95,Low,0.155572414
14-12-2022,Tablet,Electronics,South,1,400,45.16,Low,0.1129
22-02-2022,Monitor,Accessories,North,5,2880,209.58,Low,0.072770833
28-03-2023,Printer,Office,West,6,1608,302.32,Low,0.18800995
08-02-2023,Headphones,Accessories,South,2,1574,196.84,Low,0.125057179
13-09-2024,Keyboard,Accessories,East,3,2478,584.37,Low,0.235823245
20-09-2024,Headphones,Accessories,East,8,8872,1486.58,Medium,0.167558611
24-03-2024,Printer,Office,East,8,2320,668.63,Low,0.288202586
29-07-2023,Headphones,Accessories,West,3,171,9.02,Low,0.052748538
20-11-2024,Keyboard,Accessories,South,8,4536,627.13,Low,0.138256173
09-06-2024,Headphones,Accessories,South,3,1308,73.28,Low,0.056024465
27-10-2022,Laptop,Electronics,North,4,4048,641.23,Low,0.158406621
29-05-2022,Tablet,Electronics,East,9,4041,963.58,Low,0.238450878
24-05-2024,Headphones,Accessories,South,5,5665,332.46,Low,0.058686673
29-11-2023,Mouse,Accessories,South,6,6876,1029.92,Medium,0.149784759
02-03-2023,Monitor,Accessories,South,1,617,145.37,Low,0.23560778
15-09-2022,Monitor,Accessories,South,6,1440,130.4,Low,0.090555556
17-04-2024,Smartwatch,Electronics,East,8,472,116.36,Low,0.246525424
30-06-2023,Laptop,Electronics,North,5,5640,1227.77,Medium,0.217689716
26-10-2022,Headphones,Accessories,West,6,2640,668.12,Low,0.253075758
13-07-2024,Smartphone,Electronics,South,3,768,72.67,Low,0.094622396
22-02-2024,Keyboard,Accessories,South,1,725,81.96,Low,0.113048276
28-04-2024,Headphones,Accessories,North,8,1080,210.69,Low,0.195083333
30-10-2024,Headphones,Accessories,South,1,393,40.34,Low,0.10264631
11-06-2024,Smartwatch,Electronics,North,4,1264,371.92,Low,0.294240506
03-09-2022,Headphones,Accessories,South,9,4797,1193.95,Medium,0.248895143
27-03-2022,Tablet,Electronics,East,8,2080,151.14,Low,0.072663462
16-02-2022,Camera,Electronics,West,4,3812,312.8,Low,0.082056663
25-02-2024,Mouse,Accessories,West,5,3695,463.57,Low,0.125458728
31-01-2022,Mouse,Accessories,South,1,1159,344.22,Low,0.296997412
06-08-2024,Tablet,Electronics,West,9,4149,605.52,Low,0.145943601
05-12-2023,Keyboard,Accessories,East,2,1446,171.73,Low,0.118762102
24-07-2024,Laptop,Electronics,South,1,225,48.82,Low,0.216977778
09-12-2022,Headphones,Accessories,South,1,355,26.8,Low,0.075492958
15-09-2023,Tablet,Electronics,West,7,3164,166.4,Low,0.052591656
28-10-2022,Smartwatch,Electronics,East,1,498,38.67,Low,0.077650602
28-04-2023,Headphones,Accessories,South,5,1315,217.79,Low,0.165619772
13-09-2024,Headphones,Accessories,North,5,2805,438.89,Low,0.156467023
01-11-2022,Monitor,Accessories,East,5,5180,726.62,Low,0.140274131
07-06-2022,Camera,Electronics,North,5,4045,203.35,Low,0.050271941
22-06-2024,Laptop,Electronics,North,9,8793,2262.43,High,0.257298988
08-08-2024,Headphones,Accessories,South,8,2592,526.38,Low,0.203078704
08-02-2022,Keyboard,Accessories,East,7,7819,1708.84,Medium,0.218549687
11-07-2024,Smartwatch,Electronics,North,7,2919,325.35,Low,0.111459404
03-06-2023,Printer,Office,South,3,768,85.37,Low,0.111158854
02-12-2023,Smartphone,Electronics,West,2,1736,388.09,Low,0.223554147
18-07-2023,Smartwatch,Electronics,South,7,6293,389.22,Low,0.061849674
21-03-2024,Headphones,Accessories,South,6,3684,477.02,Low,0.129484256
24-12-2024,Printer,Office,South,9,8370,1064.65,Medium,0.127198327
24-08-2023,Keyboard,Accessories,South,4,3788,875.54,Low,0.231135164
22-08-2023,Laptop,Electronics,West,8,8296,1884.18,Medium,0.227119094
10-10-2022,Tablet,Electronics,West,5,325,21.01,Low,0.064646154
16-08-2024,Camera,Electronics,North,2,2216,444.36,Low,0.200523466
31-01-2022,Laptop,Electronics,North,8,7064,1873.02,Medium,0.265150057
08-08-2024,Mouse,Accessories,East,9,2538,575.41,Low,0.226717888
13-03-2024,Headphones,Accessories,North,1,1151,77.22,Low,0.067089487
18-01-2022,Keyboard,Accessories,East,1,717,137.27,Low,0.191450488
12-01-2022,Smartwatch,Electronics,East,8,3048,444.3,Low,0.145767717
19-02-2024,Keyboard,Accessories,South,3,2070,163.23,Low,0.078855072
14-08-2023,Camera,Electronics,East,5,3630,537.93,Low,0.148190083
13-04-2022,Tablet,Electronics,East,7,896,219.98,Low,0.245513393
29-02-2024,Tablet,Electronics,East,7,1981,311.44,Low,0.157213529
16-07-2023,Headphones,Accessories,West,6,7140,605.22,Low,0.084764706
13-04-2023,Monitor,Accessories,North,5,1015,85.06,Low,0.083802956
12-08-2024,Headphones,Accessories,North,4,524,52.31,Low,0.099828244
19-07-2023,Smartwatch,Electronics,North,2,1678,372.78,Low,0.22215733
26-05-2023,Tablet,Electronics,South,4,3260,969.76,Low,0.297472393
18-10-2024,Headphones,Accessories,South,5,720,214.31,Low,0.297652778
04-05-2024,Printer,Office,West,4,1792,417.99,Low,0.233253348
18-06-2022,Tablet,Electronics,South,9,3096,505.08,Low,0.163139535
06-09-2024,Keyboard,Accessories,South,5,1400,273.39,Low,0.195278571
05-02-2023,Smartwatch,Electronics,North,4,508,37.94,Low,0.074685039
16-09-2022,Tablet,Electronics,East,7,2646,380.83,Low,0.143926682
07-03-2024,Mouse,Accessories,East,1,357,79.86,Low,0.223697479
28-12-2023,Tablet,Electronics,North,1,373,53.15,Low,0.142493298
24-03-2023,Smartphone,Electronics,East,1,266,55.52,Low,0.208721805
07-10-2024,Smartphone,Electronics,North,4,344,25.7,Low,0.074709302
17-06-2024,Smartphone,Electronics,North,7,1806,308.92,Low,0.171052049
10-03-2023,Printer,Office,North,9,7281,396.28,Low,0.05442659
28-06-2024,Smartwatch,Electronics,West,7,3094,463.72,Low,0.149877182
02-06-2024,Keyboard,Accessories,East,2,252,67.37,Low,0.26734127
27-04-2022,Camera,Electronics,East,9,2691,761.16,Low,0.282853958
26-04-2024,Printer,Office,West,6,990,102.83,Low,0.103868687
05-06-2022,Smartwatch,Electronics,South,4,3236,655.18,Low,0.202466007
27-04-2022,Laptop,Electronics,East,4,1076,124.56,Low,0.115762082
10-08-2022,Tablet,Electronics,North,4,1428,160.54,Low,0.112422969
22-04-2022,Keyboard,Accessories,East,5,1000,292.04,Low,0.29204
10-06-2022,Smartwatch,Electronics,South,9,3429,998.82,Low,0.291286089
17-10-2023,Monitor,Accessories,West,5,4730,1416.1,Medium,0.299386892
04-11-2023,Monitor,Accessories,South,6,6630,512.6,Low,0.077315234
22-10-2024,Camera,Electronics,South,7,2296,138.93,Low,0.060509582
15-01-2023,Monitor,Accessories,East,7,7420,1107.31,Medium,0.149233154
23-04-2022,Printer,Office,South,7,2338,531.5,Low,0.227331052
11-06-2022,Keyboard,Accessories,South,7,4039,420.29,Low,0.104057935
19-05-2023,Laptop,Electronics,East,2,990,76.87,Low,0.077646465
05-08-2023,Laptop,Electronics,West,1,733,54.11,Low,0.073819918
24-01-2024,Smartphone,Electronics,East,3,2421,334.61,Low,0.138211483
14-03-2024,Keyboard,Accessories,East,8,832,214.81,Low,0.258185096
13-05-2022,Smartwatch,Electronics,East,1,483,98.15,Low,0.20320911
27-02-2023,Keyboard,Accessories,North,6,2508,480.48,Low,0.191578947
01-10-2023,Keyboard,Accessories,North,7,4032,426.13,Low,0.105687004
15-04-2022,Keyboard,Accessories,East,8,3208,840.97,Low,0.262147756
10-05-2024,Smartwatch,Electronics,South,6,3402,857.61,Low,0.252089947
06-12-2024,Headphones,Accessories,North,1,541,52.5,Low,0.097042514
08-02-2022,Smartwatch,Electronics,West,7,1806,129.6,Low,0.071760797
03-08-2024,Headphones,Accessories,South,3,2433,515.28,Low,0.211787916
10-11-2023,Keyboard,Accessories,East,6,5880,454.19,Low,0.077243197
24-05-2023,Mouse,Accessories,West,3,3375,451.5,Low,0.133777778
30-05-2024,Tablet,Electronics,North,8,6960,1913.58,Medium,0.274939655
06-08-2024,Keyboard,Accessories,West,4,316,32.79,Low,0.103765823
10-10-2022,Tablet,Electronics,North,9,1404,89.43,Low,0.063696581
08-03-2024,Keyboard,Accessories,North,9,5823,478.22,Low,0.082126052
16-05-2024,Headphones,Accessories,South,6,2790,719.15,Low,0.257759857
31-05-2024,Tablet,Electronics,West,7,1169,69.41,Low,0.059375535
26-10-2023,Printer,Office,East,8,6016,406.13,Low,0.067508311
15-10-2022,Smartwatch,Electronics,North,7,7154,1177.51,Medium,0.164594632
29-01-2024,Keyboard,Accessories,West,2,370,102.74,Low,0.277675676
16-03-2024,Monitor,Accessories,West,1,430,113.57,Low,0.264116279
28-04-2022,Smartwatch,Electronics,West,1,946,280.53,Low,0.29654334
20-05-2024,Tablet,Electronics,South,8,984,73.84,Low,0.07504065
26-11-2022,Keyboard,Accessories,East,9,1467,372.17,Low,0.253694615
16-08-2023,Smartphone,Electronics,South,4,2444,155.42,Low,0.063592471
02-11-2023,Mouse,Accessories,North,9,8640,1254.3,Medium,0.145173611
17-07-2023,Smartwatch,Electronics,West,9,3861,536.04,Low,0.138834499
24-07-2022,Keyboard,Accessories,North,1,868,60.12,Low,0.069262673
03-11-2024,Laptop,Electronics,South,9,1746,260.5,Low,0.149198167
19-08-2024,Printer,Office,South,1,915,129.08,Low,0.141071038
15-09-2024,Smartwatch,Electronics,East,9,3591,423,Low,0.117794486
28-01-2023,Camera,Electronics,East,6,2562,612.36,Low,0.239016393
28-11-2022,Smartwatch,Electronics,West,9,5382,1037.04,Medium,0.192686734
18-11-2024,Smartwatch,Electronics,East,4,2792,170.96,Low,0.061232092
23-04-2022,Headphones,Accessories,East,4,2160,631.9,Low,0.292546296
23-05-2023,Monitor,Accessories,West,7,6377,1332.86,Medium,0.209010507
17-05-2024,Smartphone,Electronics,East,8,5264,1051.5,Medium,0.19975304
18-12-2023,Laptop,Electronics,North,2,1346,196.5,Low,0.145988113
19-08-2023,Camera,Electronics,South,7,7301,1311.65,Medium,0.179653472
20-04-2023,Keyboard,Accessories,South,2,2016,198.26,Low,0.098343254
30-06-2022,Laptop,Electronics,North,6,1266,220.5,Low,0.174170616
11-04-2023,Mouse,Accessories,West,2,140,35.18,Low,0.251285714
22-07-2024,Camera,Electronics,East,8,6520,1073.62,Medium,0.164665644
19-02-2022,Keyboard,Accessories,East,1,582,29.91,Low,0.051391753
10-03-2024,Printer,Office,West,1,245,14.5,Low,0.059183673
27-04-2024,Mouse,Accessories,South,1,504,143.12,Low,0.283968254
06-10-2022,Monitor,Accessories,South,6,6834,1211.75,Medium,0.17731197
01-10-2022,Headphones,Accessories,West,8,5712,1191.02,Medium,0.208511905
09-05-2023,Laptop,Electronics,South,5,4485,347.99,Low,0.077589744
02-06-2024,Headphones,Accessories,West,8,2304,291.46,Low,0.126501736
23-06-2024,Mouse,Accessories,North,6,6576,815.56,Low,0.124020681
16-11-2022,Keyboard,Accessories,South,9,10629,2843.54,High,0.267526578
12-03-2022,Camera,Electronics,East,1,706,153.59,Low,0.217549575
16-04-2022,Headphones,Accessories,South,1,977,103.82,Low,0.106264074
16-04-2023,Smartwatch,Electronics,South,4,776,73.16,Low,0.094278351
12-10-2022,Tablet,Electronics,West,4,3932,309.43,Low,0.07869532
29-10-2022,Keyboard,Accessories,East,3,1263,368.46,Low,0.291733967
01-08-2022,Keyboard,Accessories,East,8,7064,745.24,Low,0.105498301
20-04-2023,Keyboard,Accessories,West,4,4740,746.77,Low,0.157546414
25-03-2024,Printer,Office,South,7,4522,1137.23,Medium,0.25148828
28-12-2023,Tablet,Electronics,South,7,2009,183.19,Low,0.091184669
18-04-2024,Smartphone,Electronics,East,2,2110,548.12,Low,0.259772512
26-09-2024,Mouse,Accessories,West,1,95,6.97,Low,0.073368421
19-11-2023,Smartwatch,Electronics,East,1,384,83.58,Low,0.21765625
23-04-2023,Tablet,Electronics,North,3,3471,200.08,Low,0.05764333
20-06-2023,Tablet,Electronics,West,4,2048,507.01,Low,0.247563477
05-08-2022,Monitor,Accessories,South,8,9296,2581.06,High,0.277652754
28-05-2022,Laptop,Electronics,West,8,5272,1188.16,Medium,0.225371775
18-01-2024,Headphones,Accessories,East,1,619,127.58,Low,0.206106624
27-04-2023,Laptop,Electronics,North,1,448,53.2,Low,0.11875
10-06-2022,Keyboard,Accessories,North,9,5004,1313.13,Medium,0.262416067
05-12-2023,Keyboard,Accessories,North,4,4716,704.99,Low,0.149488974
11-05-2022,Printer,Office,West,9,7506,827.17,Low,0.110201172
11-01-2024,Keyboard,Accessories,North,7,4095,883.56,Low,0.215765568
31-07-2024,Smartwatch,Electronics,North,7,4459,1037.27,Medium,0.232623907
31-10-2022,Tablet,Electronics,South,5,620,62.49,Low,0.100790323
17-08-2022,Smartwatch,Electronics,West,2,2362,185.89,Low,0.078700254
28-03-2022,Printer,Office,North,2,606,154.99,Low,0.255759076
26-07-2024,Camera,Electronics,East,4,1084,134.42,Low,0.12400369
04-02-2022,Laptop,Electronics,North,8,2880,315.87,Low,0.109677083
20-04-2023,Laptop,Electronics,West,8,4544,727.05,Low,0.160002201
08-09-2024,Mouse,Accessories,West,4,556,85.63,Low,0.154010791
30-11-2023,Laptop,Electronics,North,5,505,71.97,Low,0.142514851
03-03-2023,Tablet,Electronics,West,5,2595,774.2,Low,0.298342967
24-01-2023,Headphones,Accessories,South,5,2820,737.68,Low,0.261588652
29-10-2023,Keyboard,Accessories,East,2,1018,297.21,Low,0.291954813
04-03-2023,Laptop,Electronics,East,4,944,176.56,Low,0.187033898
30-08-2023,Tablet,Electronics,East,1,610,44.99,Low,0.073754098
25-05-2024,Camera,Electronics,South,4,912,81.65,Low,0.089528509
02-04-2023,Monitor,Accessories,West,9,10413,1738.63,Medium,0.166967252
27-07-2023,Printer,Office,West,8,2176,398.29,Low,0.183037684
04-01-2022,Printer,Office,East,6,6108,1488.4,Medium,0.243680419
14-02-2024,Mouse,Accessories,West,2,1148,173.89,Low,0.151472125
01-05-2024,Monitor,Accessories,East,8,8824,597.1,Low,0.067667724
17-06-2022,Headphones,Accessories,North,5,2240,159.58,Low,0.071241071
17-02-2022,Camera,Electronics,North,2,1312,386.79,Low,0.294809451
02-02-2023,Laptop,Electronics,South,9,10620,2946.93,High,0.277488701
30-09-2024,Tablet,Electronics,East,2,2178,574.4,Low,0.263728191
12-05-2024,Monitor,Accessories,East,3,1671,94.52,Low,0.056564931
28-07-2024,Monitor,Accessories,East,3,2025,355.59,Low,0.1756
01-11-2024,Mouse,Accessories,East,6,2886,355.32,Low,0.123118503
27-07-2024,Printer,Office,East,2,1868,307.32,Low,0.164518201
08-01-2023,Headphones,Accessories,East,4,3280,826.94,Low,0.252115854
18-05-2022,Tablet,Electronics,West,2,1768,375.86,Low,0.212590498
19-12-2022,Camera,Electronics,West,7,6937,1753.02,Medium,0.252705781
21-09-2024,Smartwatch,Electronics,North,6,3012,307.47,Low,0.102081673
19-09-2024,Headphones,Accessories,South,3,777,147.93,Low,0.1903861
16-02-2024,Smartphone,Electronics,East,6,4056,452.14,Low,0.111474359
29-11-2024,Printer,Office,South,4,3212,514.92,Low,0.160311333
03-08-2024,Smartwatch,Electronics,West,1,952,179.4,Low,0.188445378
29-05-2022,Smartphone,Electronics,North,3,1674,106.24,Low,0.063464755
13-02-2024,Smartwatch,Electronics,East,5,4315,1019.91,Medium,0.236363847
15-12-2023,Mouse,Accessories,North,7,1722,162.39,Low,0.094303136
14-09-2022,Keyboard,Accessories,South,5,2895,334.35,Low,0.115492228
28-07-2023,Tablet,Electronics,North,2,1280,335.22,Low,0.261890625
10-04-2022,Headphones,Accessories,East,5,4295,414.42,Low,0.096488941
07-08-2022,Printer,Office,South,6,4434,306.63,Low,0.069154263
09-07-2022,Keyboard,Accessories,North,6,3816,623.78,Low,0.163464361
09-04-2024,Headphones,Accessories,East,7,6335,1137.08,Medium,0.179491713
11-11-2024,Mouse,Accessories,West,3,315,78.41,Low,0.248920635
27-11-2024,Camera,Electronics,East,2,626,168.82,Low,0.269680511
23-05-2024,Smartwatch,Electronics,South,1,1140,85.75,Low,0.075219298
16-11-2022,Smartphone,Electronics,North,5,590,52.55,Low,0.089067797
21-04-2022,Tablet,Electronics,East,1,631,99.31,Low,0.157385103
04-09-2024,Monitor,Accessories,South,8,1944,134.94,Low,0.06941358
24-03-2024,Smartphone,Electronics,North,6,5100,1461.79,Medium,0.28662549
24-09-2024,Keyboard,Accessories,South,6,1092,176.52,Low,0.161648352
12-08-2023,Monitor,Accessories,West,7,4662,1007.43,Medium,0.216093951
18-01-2023,Headphones,Accessories,West,7,4312,1088.34,Medium,0.252397959
20-10-2022,Mouse,Accessories,North,6,4056,815.1,Low,0.200961538
23-11-2023,Headphones,Accessories,North,3,534,120.53,Low,0.22571161
31-05-2023,Printer,Office,South,5,3475,991.47,Low,0.285315108
11-07-2023,Tablet,Electronics,South,5,4880,829.03,Low,0.169883197
25-10-2024,Tablet,Electronics,West,8,8336,782.8,Low,0.09390595
08-05-2023,Mouse,Accessories,North,8,9232,490.66,Low,0.053147747
07-01-2022,Smartphone,Electronics,South,3,2031,466.25,Low,0.229566716
10-01-2022,Smartwatch,Electronics,North,3,2412,640.35,Low,0.265485075
03-12-2023,Smartphone,Electronics,East,1,1039,137.24,Low,0.132088547
03-01-2023,Camera,Electronics,West,6,696,100.78,Low,0.144798851
26-06-2024,Laptop,Electronics,North,8,6160,1617.32,Medium,0.262551948
15-12-2022,Camera,Electronics,East,3,447,58.4,Low,0.13064877
29-04-2023,Keyboard,Accessories,West,6,6102,364.82,Low,0.059786955
03-04-2024,Camera,Electronics,South,9,5085,1372.83,Medium,0.269976401
16-08-2024,Laptop,Electronics,North,7,3038,158.82,Low,0.052277814
11-03-2024,Headphones,Accessories,West,1,882,215.24,Low,0.244036281
15-03-2023,Monitor,Accessories,West,6,2490,720.06,Low,0.289180723
05-08-2024,Camera,Electronics,North,1,635,101.09,Low,0.15919685
05-07-2024,Laptop,Electronics,East,1,1083,152.5,Low,0.140812558
10-08-2023,Keyboard,Accessories,West,6,720,144.26,Low,0.200361111
17-09-2022,Printer,Office,West,3,3111,382.52,Low,0.122957248
09-04-2022,Smartwatch,Electronics,North,6,1242,87.37,Low,0.070346216
02-08-2023,Smartwatch,Electronics,West,5,5845,978.75,Low,0.167450813
29-03-2023,Smartwatch,Electronics,West,1,835,131.7,Low,0.157724551
16-05-2022,Monitor,Accessories,South,2,2314,305.42,Low,0.1319879
04-02-2023,Smartwatch,Electronics,East,7,6041,776.09,Low,0.128470452
23-03-2022,Mouse,Accessories,North,3,369,19.22,Low,0.052086721
12-08-2022,Tablet,Electronics,West,5,1635,321.84,Low,0.196844037
07-04-2022,Keyboard,Accessories,West,3,2067,465.39,Low,0.225152395
04-03-2022,Smartphone,Electronics,West,6,7128,544.54,Low,0.076394501
24-04-2024,Printer,Office,North,2,944,94.4,Low,0.1
10-06-2022,Tablet,Electronics,East,5,5160,698.15,Low,0.135300388
18-06-2022,Smartphone,Electronics,West,8,8032,1987.82,Medium,0.24748755
16-12-2024,Camera,Electronics,South,2,376,99.16,Low,0.263723404
22-06-2024,Smartphone,Electronics,South,7,4144,426.39,Low,0.10289334
04-11-2024,Camera,Electronics,South,4,2228,293.25,Low,0.131620287
15-11-2022,Tablet,Electronics,West,1,1178,182.76,Low,0.155144312
27-04-2024,Mouse,Accessories,North,5,2505,303.61,Low,0.121201597
28-02-2024,Smartwatch,Electronics,West,4,1872,418.05,Low,0.223317308
29-12-2023,Printer,Office,West,2,340,59.56,Low,0.175176471
08-03-2023,Laptop,Electronics,West,1,589,158.85,Low,0.269694397
12-12-2023,Laptop,Electronics,West,3,2598,560.82,Low,0.215866051
17-02-2022,Tablet,Electronics,North,1,502,92.31,Low,0.183884462
24-01-2024,Laptop,Electronics,South,3,3576,546.44,Low,0.152807606
07-02-2023,Keyboard,Accessories,East,3,2412,468.27,Low,0.194141791
31-07-2024,Printer,Office,West,5,1145,244.72,Low,0.213729258
03-02-2022,Keyboard,Accessories,West,2,2116,159.3,Low,0.075283554
16-12-2024,Laptop,Electronics,North,1,707,100.16,Low,0.141669024
11-11-2022,Mouse,Accessories,South,9,657,109.39,Low,0.166499239
14-10-2024,Laptop,Electronics,South,5,5345,1060.46,Medium,0.198402245
27-01-2024,Tablet,Electronics,South,8,4032,251.05,Low,0.062264385
30-08-2022,Camera,Electronics,South,4,3840,552.57,Low,0.143898438
23-01-2023,Monitor,Accessories,East,5,575,47.35,Low,0.082347826
02-01-2023,Laptop,Electronics,West,9,9315,1808.68,Medium,0.194168545
25-11-2024,Mouse,Accessories,East,7,3423,435.06,Low,0.127099036
07-11-2023,Monitor,Accessories,South,6,3942,748.74,Low,0.189939117
15-07-2024,Laptop,Electronics,South,2,574,70.16,Low,0.122229965
04-06-2024,Headphones,Accessories,North,6,3024,336.28,Low,0.111203704
02-03-2022,Headphones,Accessories,North,7,952,215.51,Low,0.22637605
25-11-2023,Smartphone,Electronics,West,9,9090,937.69,Low,0.103156216
10-05-2022,Tablet,Electronics,West,2,1166,170.11,Low,0.145891938
09-01-2024,Keyboard,Accessories,South,3,2925,433.95,Low,0.148358974
25-12-2023,Camera,Electronics,South,5,3455,867.55,Low,0.251099855
06-12-2022,Smartphone,Electronics,North,2,1614,331.3,Low,0.205266419
07-08-2024,Mouse,Accessories,West,7,1771,171.26,Low,0.096702428
06-01-2023,Printer,Office,South,6,5658,1504.97,Medium,0.265989749
25-09-2024,Mouse,Accessories,East,9,8460,1515.06,Medium,0.179085106
26-11-2023,Printer,Office,West,5,1925,570.93,Low,0.296587013
02-02-2024,Laptop,Electronics,North,6,2196,572.17,Low,0.260551002
05-07-2024,Keyboard,Accessories,East,2,1696,500.56,Low,0.295141509
16-11-2023,Printer,Office,South,9,6813,1966.66,Medium,0.28866285
19-10-2024,Keyboard,Accessories,North,5,3670,790.67,Low,0.215441417
10-10-2024,Keyboard,Accessories,South,4,2936,204.55,Low,0.069669619
29-01-2024,Monitor,Accessories,West,5,5165,283.6,Low,0.054908035
06-09-2024,Camera,Electronics,East,5,5940,467.31,Low,0.078671717
07-06-2023,Smartwatch,Electronics,East,6,2664,520.3,Low,0.195307808
12-04-2024,Headphones,Accessories,East,2,1198,134.39,Low,0.112178631
22-08-2024,Headphones,Accessories,North,4,1340,309.8,Low,0.23119403
15-10-2022,Monitor,Accessories,East,9,9657,1233.47,Medium,0.127728073
28-06-2022,Camera,Electronics,North,8,2592,191.66,Low,0.073942901
10-06-2023,Camera,Electronics,West,4,1168,135.36,Low,0.115890411
23-03-2023,Headphones,Accessories,South,8,5920,1241.27,Medium,0.209673986
17-02-2022,Smartphone,Electronics,West,2,2260,268.47,Low,0.118792035
19-09-2023,Printer,Office,West,8,7016,1490.07,Medium,0.212381699
29-03-2024,Headphones,Accessories,North,6,546,79.94,Low,0.146410256
02-12-2024,Laptop,Electronics,East,1,839,228.72,Low,0.27261025
24-07-2024,Tablet,Electronics,South,8,5176,619.45,Low,0.119677357
02-04-2023,Laptop,Electronics,West,4,280,24.9,Low,0.088928571
28-12-2024,Monitor,Accessories,North,9,2097,210.59,Low,0.100424416
24-05-2024,Mouse,Accessories,West,6,4632,799.16,Low,0.172530225
09-02-2023,Keyboard,Accessories,North,4,1088,283.61,Low,0.260670956
17-09-2023,Camera,Electronics,North,2,1314,391.55,Low,0.297983257
07-05-2023,Mouse,Accessories,North,8,7960,804.11,Low,0.101018844
22-11-2023,Printer,Office,North,8,2856,350.32,Low,0.122661064
16-06-2022,Smartwatch,Electronics,West,4,1680,385.92,Low,0.229714286
20-11-2024,Monitor,Accessories,North,4,4464,1069.63,Medium,0.239612455
08-06-2023,Smartphone,Electronics,East,6,2940,184.97,Low,0.062914966
12-06-2022,Monitor,Accessories,West,8,1272,344.45,Low,0.270794025
21-11-2024,Printer,Office,East,6,1728,247.86,Low,0.1434375
06-09-2022,Monitor,Accessories,North,3,3153,563.56,Low,0.17873771
23-03-2024,Smartphone,Electronics,West,4,2536,285.72,Low,0.112665615
16-03-2022,Tablet,Electronics,South,3,2508,431.53,Low,0.172061404
18-10-2024,Tablet,Electronics,East,1,123,12.36,Low,0.100487805
30-07-2023,Smartphone,Electronics,South,3,2379,148.68,Low,0.062496847
04-01-2023,Printer,Office,West,6,6924,1693.77,Medium,0.24462305
31-05-2023,Smartwatch,Electronics,West,9,9054,644.36,Low,0.071168544
08-12-2023,Camera,Electronics,South,9,9936,2797.45,High,0.2815469
21-12-2022,Smartphone,Electronics,East,1,393,41.05,Low,0.104452926
19-08-2024,Printer,Office,East,2,308,35.32,Low,0.114675325
26-10-2024,Tablet,Electronics,South,5,4900,347.25,Low,0.070867347
24-08-2024,Laptop,Electronics,South,1,927,103.95,Low,0.112135922
23-11-2023,Keyboard,Accessories,East,1,266,22.42,Low,0.084285714
04-11-2022,Printer,Office,South,5,4750,1179.56,Medium,0.248328421
20-07-2024,Smartwatch,Electronics,East,8,3272,460.82,Low,0.140837408
10-12-2022,Mouse,Accessories,East,5,4350,688.77,Low,0.158337931
27-07-2024,Keyboard,Accessories,East,1,706,63.82,Low,0.090396601
24-05-2024,Laptop,Electronics,North,3,213,30.68,Low,0.144037559
25-10-2023,Smartphone,Electronics,East,2,1614,376.31,Low,0.233153656
09-02-2023,Mouse,Accessories,West,8,6232,499.63,Low,0.080171694
03-02-2023,Printer,Office,North,4,3864,717.45,Low,0.185675466
08-12-2024,Headphones,Accessories,South,3,2601,363.64,Low,0.139807766
01-02-2023,Mouse,Accessories,East,6,4944,758.46,Low,0.153410194
16-11-2023,Printer,Office,South,4,4680,301.91,Low,0.064510684
29-01-2022,Mouse,Accessories,South,8,2112,418.58,Low,0.198191288
24-04-2022,Monitor,Accessories,East,6,7140,869.93,Low,0.121838936
19-10-2022,Keyboard,Accessories,East,1,750,37.97,Low,0.050626667
12-08-2022,Mouse,Accessories,East,4,392,39.23,Low,0.100076531
02-10-2024,Laptop,Electronics,South,4,2408,721.8,Low,0.299750831
13-09-2023,Monitor,Accessories,East,2,2016,151.4,Low,0.075099206
25-07-2022,Monitor,Accessories,South,4,464,47.93,Low,0.103297414
09-12-2023,Headphones,Accessories,East,1,832,227.11,Low,0.27296875
31-03-2024,Headphones,Accessories,East,8,1296,374.8,Low,0.289197531
23-04-2022,Smartphone,Electronics,East,1,300,45.81,Low,0.1527
06-07-2024,Monitor,Accessories,North,6,2856,226.53,Low,0.079317227
10-12-2022,Tablet,Electronics,West,5,3380,287.05,Low,0.084926036
27-01-2022,Tablet,Electronics,North,5,400,86.52,Low,0.2163
14-10-2022,Camera,Electronics,North,1,722,49.7,Low,0.068836565
23-11-2024,Laptop,Electronics,South,4,4596,947.45,Low,0.206146649
08-04-2023,Keyboard,Accessories,West,8,1176,313.58,Low,0.26664966
21-07-2022,Camera,Electronics,North,2,644,45.72,Low,0.070993789
07-11-2022,Smartphone,Electronics,West,8,544,40.78,Low,0.074963235
30-05-2023,Monitor,Accessories,East,2,586,101.64,Low,0.173447099
30-04-2022,Keyboard,Accessories,North,5,3835,229.11,Low,0.059741851
13-12-2023,Printer,Office,South,5,1415,358.39,Low,0.253279152
11-05-2023,Keyboard,Accessories,South,9,1125,138.49,Low,0.123102222
11-09-2023,Camera,Electronics,South,3,3399,489.36,Low,0.143971756
03-03-2022,Monitor,Accessories,East,6,5370,1501.06,Medium,0.279527002
30-03-2024,Keyboard,Accessories,West,3,2331,419.26,Low,0.17986272
27-06-2022,Laptop,Electronics,East,9,10728,1967.84,Medium,0.183430276
02-03-2023,Monitor,Accessories,West,8,9056,1860.37,Medium,0.205429549
04-11-2024,Monitor,Accessories,West,9,4581,250.06,Low,0.054586335
01-10-2024,Camera,Electronics,North,3,1074,240.44,Low,0.223873371
17-06-2023,Tablet,Electronics,West,4,4572,1199.49,Medium,0.262355643
20-11-2023,Laptop,Electronics,South,7,8141,651.16,Low,0.07998526
24-11-2023,Printer,Office,West,4,604,180.93,Low,0.29955298
04-05-2024,Mouse,Accessories,South,2,906,59.06,Low,0.065187638
22-04-2023,Headphones,Accessories,South,7,1582,278.14,Low,0.175815424
31-01-2024,Mouse,Accessories,West,6,3306,216.91,Low,0.06561101
24-12-2023,Headphones,Accessories,West,1,847,237.41,Low,0.280295159
09-11-2022,Printer,Office,East,6,3222,846.27,Low,0.262653631
03-11-2024,Keyboard,Accessories,East,3,189,33.94,Low,0.17957672
12-08-2023,Laptop,Electronics,South,4,1224,348.91,Low,0.28505719
08-02-2023,Camera,Electronics,South,7,5621,1390.73,Medium,0.24741683
16-01-2024,Tablet,Electronics,West,6,966,246.21,Low,0.254875776
02-08-2023,Tablet,Electronics,West,9,1728,179.64,Low,0.103958333
13-01-2024,Mouse,Accessories,West,9,6138,1478.57,Medium,0.240887911
20-11-2024,Monitor,Accessories,South,4,964,184.03,Low,0.19090249
13-10-2023,Smartphone,Electronics,South,7,4697,976.26,Low,0.207847562
09-05-2022,Smartphone,Electronics,West,2,1232,155.52,Low,0.126233766
21-12-2022,Monitor,Accessories,West,7,6384,734.79,Low,0.115098684
22-11-2024,Mouse,Accessories,West,4,780,162.72,Low,0.208615385
27-01-2023,Printer,Office,West,4,1256,362.22,Low,0.28839172
08-05-2022,Mouse,Accessories,South,1,1162,220.93,Low,0.190129088
10-02-2023,Mouse,Accessories,South,8,7520,995.03,Low,0.132317819
26-03-2024,Headphones,Accessories,South,7,2387,463.92,Low,0.194352744
20-10-2023,Keyboard,Accessories,East,8,2256,316.77,Low,0.140412234
06-06-2024,Monitor,Accessories,North,8,7792,913.12,Low,0.117186858
24-05-2023,Laptop,Electronics,East,8,3944,296.35,Low,0.075139452
17-12-2023,Smartphone,Electronics,South,2,822,183.45,Low,0.223175182
20-06-2024,Headphones,Accessories,North,3,1962,469.94,Low,0.239520897
21-12-2022,Printer,Office,North,4,1016,269.88,Low,0.265629921
20-06-2023,Tablet,Electronics,North,2,1980,125.99,Low,0.063631313
08-12-2024,Headphones,Accessories,West,4,3996,965.26,Low,0.241556557
18-07-2022,Smartwatch,Electronics,North,1,663,183.82,Low,0.277254902
05-10-2023,Laptop,Electronics,South,1,575,104.31,Low,0.181408696
04-09-2023,Tablet,Electronics,South,1,187,33.76,Low,0.180534759
01-08-2023,Tablet,Electronics,East,7,6216,378.24,Low,0.060849421
05-03-2022,Camera,Electronics,South,1,189,19.02,Low,0.100634921
13-08-2022,Tablet,Electronics,South,2,358,41.46,Low,0.115810056
17-04-2022,Keyboard,Accessories,North,6,6192,316.23,Low,0.051070736
25-05-2023,Tablet,Electronics,East,7,4382,592.46,Low,0.135203104
20-10-2024,Keyboard,Accessories,East,2,1122,100.78,Low,0.089821747
21-06-2022,Laptop,Electronics,North,8,8192,2081.72,High,0.254116211
22-08-2022,Laptop,Electronics,South,6,2658,200.79,Low,0.075541761
17-03-2023,Tablet,Electronics,West,6,606,127.68,Low,0.210693069
02-11-2024,Monitor,Accessories,South,8,448,45.43,Low,0.10140625
17-01-2023,Printer,Office,North,3,1674,435.95,Low,0.260424134
13-02-2022,Tablet,Electronics,South,6,1944,366.18,Low,0.188364198
07-02-2022,Monitor,Accessories,South,6,1716,302.09,Low,0.176043124
05-05-2022,Camera,Electronics,South,6,2982,445.01,Low,0.149232059
14-08-2022,Laptop,Electronics,North,9,7497,2241.59,High,0.298998266
26-01-2024,Headphones,Accessories,South,3,1026,142.71,Low,0.139093567
11-12-2024,Laptop,Electronics,South,7,7392,2063.23,High,0.279116613
23-06-2024,Printer,Office,North,4,2604,271.22,Low,0.104155146
23-11-2023,Smartwatch,Electronics,North,6,1746,289.2,Low,0.165635739
23-02-2024,Headphones,Accessories,West,6,5682,1365.87,Medium,0.240385428
24-06-2024,Mouse,Accessories,North,8,8664,2131.16,High,0.245978763
08-07-2023,Tablet,Electronics,West,3,1887,363.42,Low,0.192591415
29-10-2024,Smartphone,Electronics,East,7,6013,1544.51,Medium,0.256861799
05-01-2024,Smartwatch,Electronics,North,2,1578,463.58,Low,0.293776933
19-08-2022,Camera,Electronics,South,3,285,38.37,Low,0.134631579
27-01-2023,Laptop,Electronics,West,6,5448,963.82,Low,0.176912628
09-08-2024,Printer,Office,East,2,1710,468.76,Low,0.274128655
03-11-2022,Keyboard,Accessories,West,9,2817,432.67,Low,0.153592474
09-04-2022,Smartphone,Electronics,East,9,9117,1780.52,Medium,0.195296698
09-08-2023,Smartwatch,Electronics,South,2,274,42.37,Low,0.154635036
25-09-2023,Keyboard,Accessories,South,6,6408,885.71,Low,0.138219413
16-05-2022,Keyboard,Accessories,West,5,5755,1441.84,Medium,0.250536924
10-12-2024,Tablet,Electronics,West,3,2262,245.66,Low,0.108603006
30-05-2024,Headphones,Accessories,East,7,1785,233.77,Low,0.130963585
06-06-2023,Printer,Office,North,8,5128,657.87,Low,0.128289782
04-01-2024,Camera,Electronics,South,8,5176,1400.82,Medium,0.270637558
16-09-2023,Keyboard,Accessories,North,5,1510,331.76,Low,0.219708609
17-03-2023,Keyboard,Accessories,North,1,947,77.21,Low,0.081531151
31-12-2023,Smartphone,Electronics,North,9,5427,731.33,Low,0.134757693
09-04-2022,Smartwatch,Electronics,South,4,4560,507.87,Low,0.111375
03-05-2023,Tablet,Electronics,South,6,2100,268.4,Low,0.127809524
10-05-2024,Laptop,Electronics,North,1,1054,288.15,Low,0.273387097
18-08-2022,Smartwatch,Electronics,West,6,7026,1814.21,Medium,0.258213777
14-07-2022,Camera,Electronics,North,9,513,151.87,Low,0.296042885
29-04-2024,Headphones,Accessories,South,2,2244,353.83,Low,0.157678253
22-02-2024,Smartphone,Electronics,North,5,1785,134.95,Low,0.075602241
24-06-2023,Keyboard,Accessories,South,5,725,77.91,Low,0.107462069
13-11-2024,Smartphone,Electronics,North,4,2516,689.29,Low,0.273962639
29-05-2023,Monitor,Accessories,East,8,6256,1152.99,Medium,0.184301471
11-06-2023,Camera,Electronics,North,2,452,74.34,Low,0.164469027
05-03-2022,Laptop,Electronics,South,7,5285,1338.58,Medium,0.253279092
19-03-2023,Smartphone,Electronics,North,6,4872,786.79,Low,0.1614922
22-08-2023,Keyboard,Accessories,East,5,2495,164.56,Low,0.065955912
19-02-2022,Monitor,Accessories,West,1,442,82.73,Low,0.187171946
17-09-2024,Printer,Office,East,9,8595,1312.19,Medium,0.152668994
08-04-2022,Keyboard,Accessories,East,4,3528,411.5,Low,0.116638322
10-06-2024,Laptop,Electronics,North,7,7777,746.84,Low,0.096031889
05-11-2022,Smartwatch,Electronics,South,4,2008,451.68,Low,0.224940239
03-05-2022,Mouse,Accessories,North,2,596,41.37,Low,0.069412752
25-12-2024,Smartwatch,Electronics,East,9,4950,1402.67,Medium,0.283367677
16-06-2024,Keyboard,Accessories,South,2,630,86.07,Low,0.136619048
05-07-2024,Camera,Electronics,North,6,6144,754.18,Low,0.122750651
03-12-2023,Monitor,Accessories,North,1,140,24.21,Low,0.172928571
30-01-2024,Headphones,Accessories,East,2,2014,215.06,Low,0.106782522
06-08-2024,Mouse,Accessories,West,2,384,99.02,Low,0.257864583
18-01-2022,Printer,Office,East,7,3780,351.51,Low,0.092992063
28-02-2023,Monitor,Accessories,West,7,5047,915.75,Low,0.181444422
27-08-2022,Headphones,Accessories,South,3,2658,175.89,Low,0.066173815
14-10-2023,Mouse,Accessories,West,8,528,53.91,Low,0.102102273
23-06-2022,Keyboard,Accessories,East,9,6507,1045.14,Medium,0.160617796
02-06-2023,Camera,Electronics,South,7,5887,1035.5,Medium,0.175896042
13-08-2023,Headphones,Accessories,East,8,8224,1679.16,Medium,0.204178016
12-03-2022,Laptop,Electronics,South,3,723,115.25,Low,0.159405256
03-06-2023,Mouse,Accessories,North,2,2272,504.72,Low,0.222147887
03-07-2022,Keyboard,Accessories,East,9,8640,1963.34,Medium,0.227238426
14-09-2023,Camera,Electronics,North,8,2984,631.81,Low,0.211732574
28-04-2022,Smartphone,Electronics,East,2,606,150.95,Low,0.249092409
08-04-2022,Monitor,Accessories,West,2,170,48.69,Low,0.286411765
21-03-2022,Headphones,Accessories,East,9,5283,1550.3,Medium,0.293450691
27-02-2023,Smartwatch,Electronics,West,6,1350,356.88,Low,0.264355556
28-11-2022,Headphones,Accessories,South,4,2500,467.34,Low,0.186936
11-02-2022,Camera,Electronics,North,4,4648,689.85,Low,0.148418675
21-05-2023,Printer,Office,North,5,650,93.41,Low,0.143707692
14-09-2022,Monitor,Accessories,North,2,1538,97.15,Low,0.06316645
15-06-2024,Smartwatch,Electronics,East,4,3928,325.32,Low,0.082820774
23-03-2022,Headphones,Accessories,North,2,2258,175.86,Low,0.077883082
09-06-2022,Monitor,Accessories,West,9,2988,447.93,Low,0.149909639
07-04-2023,Headphones,Accessories,South,8,4136,810.82,Low,0.196039652
22-10-2023,Mouse,Accessories,South,7,3605,387.82,Low,0.107578363
10-08-2023,Smartwatch,Electronics,West,3,1656,469.28,Low,0.283381643
24-12-2022,Printer,Office,West,8,7072,2113.06,High,0.298792421
04-09-2024,Keyboard,Accessories,South,8,5368,542.52,Low,0.101065574
22-01-2024,Laptop,Electronics,East,4,1356,374.79,Low,0.276393805
26-06-2024,Printer,Office,South,6,1326,338.66,Low,0.255399698
26-10-2024,Printer,Office,East,1,730,55.72,Low,0.076328767
10-05-2024,Headphones,Accessories,South,4,4664,294.05,Low,0.063046741
04-12-2023,Laptop,Electronics,North,8,3528,593.11,Low,0.168115079
19-03-2023,Mouse,Accessories,West,3,1497,190.59,Low,0.127314629
21-04-2023,Tablet,Electronics,North,3,2628,781.94,Low,0.297541857
12-11-2022,Laptop,Electronics,West,4,4196,655.29,Low,0.156170162
02-08-2022,Monitor,Accessories,South,7,1204,317.12,Low,0.263388704
23-08-2023,Printer,Office,West,7,7119,1555.05,Medium,0.218436578
12-05-2024,Tablet,Electronics,West,8,1848,351.02,Low,0.189945887
24-05-2024,Tablet,Electronics,South,4,2232,531.12,Low,0.237956989
19-12-2024,Mouse,Accessories,West,6,5190,898.86,Low,0.173190751
28-01-2022,Smartphone,Electronics,West,3,1830,403.42,Low,0.220448087
29-01-2022,Mouse,Accessories,West,1,1033,302.68,Low,0.293010649
01-11-2022,Smartwatch,Electronics,South,7,2324,611.7,Low,0.263209983
04-06-2023,Keyboard,Accessories,North,2,1942,235.42,Low,0.121225541
27-03-2022,Printer,Office,South,7,5740,1615.9,Medium,0.281515679
22-10-2022,Smartwatch,Electronics,South,9,6435,1096.88,Medium,0.170455322
29-03-2022,Mouse,Accessories,North,2,1168,172.18,Low,0.147414384
26-08-2022,Tablet,Electronics,South,9,7362,441.36,Low,0.0599511
17-10-2023,Smartwatch,Electronics,West,2,862,105.97,Low,0.122935035
25-10-2023,Mouse,Accessories,West,1,956,167.16,Low,0.174853556
07-06-2022,Smartphone,Electronics,West,7,4438,770.3,Low,0.173569175
10-10-2023,Keyboard,Accessories,East,9,972,100,Low,0.102880658
02-09-2022,Keyboard,Accessories,West,2,1816,129.24,Low,0.071167401
25-04-2023,Monitor,Accessories,East,4,596,105.89,Low,0.177667785
24-03-2024,Mouse,Accessories,East,9,1233,346.9,Low,0.28134631
09-01-2023,Headphones,Accessories,West,1,1055,88.61,Low,0.083990521
13-11-2022,Tablet,Electronics,East,2,952,112.39,Low,0.118056723
04-03-2023,Mouse,Accessories,West,1,312,40.47,Low,0.129711538
12-02-2022,Tablet,Electronics,South,2,294,35.05,Low,0.119217687
28-03-2022,Smartwatch,Electronics,North,2,474,120.91,Low,0.255084388
02-06-2023,Camera,Electronics,East,2,788,195.15,Low,0.247652284
15-05-2022,Mouse,Accessories,North,8,2760,156.53,Low,0.056713768
14-10-2023,Laptop,Electronics,North,4,908,219.79,Low,0.242059471
17-10-2022,Smartphone,Electronics,East,1,593,133.01,Low,0.224300169
16-07-2023,Headphones,Accessories,South,6,1698,193.42,Low,0.113910483
23-09-2024,Printer,Office,East,1,546,124.1,Low,0.227289377
11-08-2022,Laptop,Electronics,West,5,4380,275.84,Low,0.062977169
11-06-2023,Camera,Electronics,West,4,2472,594.62,Low,0.240542071
01-04-2024,Smartphone,Electronics,East,4,1996,396.63,Low,0.198712425
25-12-2024,Camera,Electronics,West,5,2525,699.74,Low,0.277124752
05-07-2022,Headphones,Accessories,West,9,4041,517.23,Low,0.127995546
16-07-2024,Keyboard,Accessories,South,3,858,246.86,Low,0.287715618
14-12-2022,Keyboard,Accessories,North,9,4221,1238.6,Medium,0.293437574
16-02-2023,Tablet,Electronics,East,2,858,73.49,Low,0.085652681
05-12-2024,Keyboard,Accessories,North,1,776,172.19,Low,0.22189433
23-08-2023,Laptop,Electronics,North,7,3654,871.81,Low,0.238590586
14-02-2024,Headphones,Accessories,East,3,384,45.99,Low,0.119765625
16-09-2023,Printer,Office,West,5,535,43.47,Low,0.081252336
26-11-2022,Headphones,Accessories,North,9,7992,1979.53,Medium,0.247688939
04-07-2024,Mouse,Accessories,North,7,3892,350.57,Low,0.090074512
26-02-2024,Tablet,Electronics,East,3,2637,468.6,Low,0.177701934
12-02-2024,Mouse,Accessories,South,8,8664,2349.68,High,0.271200369
03-10-2023,Smartwatch,Electronics,South,6,918,116.87,Low,0.127309368
17-01-2024,Monitor,Accessories,West,5,5625,1006.95,Medium,0.179013333
02-06-2023,Tablet,Electronics,West,6,6030,511.7,Low,0.084859038
22-04-2022,Printer,Office,West,8,432,98.44,Low,0.22787037
21-02-2024,Laptop,Electronics,South,6,1884,190.58,Low,0.101157113
21-02-2023,Laptop,Electronics,East,9,9225,2526.27,High,0.273850407
04-08-2022,Printer,Office,North,2,954,71,Low,0.07442348
07-02-2023,Smartwatch,Electronics,West,8,7072,1983.42,Medium,0.280460973
07-08-2024,Smartphone,Electronics,North,3,342,89.67,Low,0.262192982
05-02-2023,Printer,Office,South,4,2440,410.86,Low,0.168385246
22-01-2024,Mouse,Accessories,South,5,510,82.47,Low,0.161705882
12-10-2023,Smartphone,Electronics,South,1,192,16.47,Low,0.08578125
26-09-2023,Mouse,Accessories,East,5,3600,712.3,Low,0.197861111
01-06-2024,Camera,Electronics,West,7,2597,766.32,Low,0.295078937
12-08-2023,Camera,Electronics,East,4,772,215.62,Low,0.279300518
06-08-2023,Mouse,Accessories,West,2,646,180.5,Low,0.279411765
29-03-2024,Smartphone,Electronics,East,7,2947,809.46,Low,0.274672548
21-02-2023,Laptop,Electronics,South,5,880,255.9,Low,0.290795455
11-02-2022,Camera,Electronics,West,3,1038,219.69,Low,0.211647399
05-08-2024,Printer,Office,West,1,714,209.69,Low,0.293683473
04-08-2023,Laptop,Electronics,South,4,1792,506.56,Low,0.282678571
21-08-2022,Headphones,Accessories,East,6,5874,1386.51,Medium,0.236041879
13-08-2023,Smartwatch,Electronics,East,6,2496,332.08,Low,0.133044872
13-12-2023,Smartwatch,Electronics,West,3,795,60.34,Low,0.075899371
26-01-2023,Smartphone,Electronics,East,7,7238,1597.03,Medium,0.220645206
27-08-2023,Tablet,Electronics,South,1,430,83.33,Low,0.193790698
10-01-2022,Headphones,Accessories,West,4,1728,239.64,Low,0.138680556
07-04-2022,Monitor,Accessories,South,3,1833,314.79,Low,0.171734861
23-10-2023,Monitor,Accessories,North,7,7280,1682.79,Medium,0.231152473
01-03-2024,Smartwatch,Electronics,South,1,814,197.91,Low,0.243132678
06-03-2023,Printer,Office,South,8,4696,410.03,Low,0.087314736
27-07-2023,Mouse,Accessories,South,5,1190,235.64,Low,0.198016807
16-01-2024,Printer,Office,East,1,591,39.06,Low,0.066091371
29-11-2023,Mouse,Accessories,North,9,8100,2203.56,High,0.272044444
06-04-2024,Laptop,Electronics,South,6,1500,183.31,Low,0.122206667
26-07-2024,Smartwatch,Electronics,North,2,300,48.69,Low,0.1623
31-05-2023,Smartwatch,Electronics,North,9,1098,106.97,Low,0.097422587
28-05-2024,Monitor,Accessories,West,4,2336,509.49,Low,0.218103596
05-10-2022,Camera,Electronics,North,5,410,40.96,Low,0.099902439
09-10-2023,Mouse,Accessories,South,9,594,51.49,Low,0.086683502
20-09-2023,Smartwatch,Electronics,East,2,218,38.93,Low,0.178577982
25-03-2023,Tablet,Electronics,South,2,1298,123.9,Low,0.095454545
28-03-2024,Tablet,Electronics,North,5,895,180.64,Low,0.201832402
31-07-2023,Keyboard,Accessories,West,4,2828,539.43,Low,0.19074611
15-11-2023,Tablet,Electronics,West,3,813,188.94,Low,0.232398524
19-06-2024,Monitor,Accessories,West,4,1800,170.19,Low,0.09455
24-07-2024,Tablet,Electronics,West,1,99,12.79,Low,0.129191919
15-09-2022,Headphones,Accessories,West,8,7576,1703.42,Medium,0.224844245
24-01-2024,Smartwatch,Electronics,East,3,1317,71.02,Low,0.053925588
21-03-2024,Smartwatch,Electronics,West,3,957,120.27,Low,0.125673981
17-01-2022,Mouse,Accessories,South,4,1316,244.13,Low,0.185509119
20-12-2024,Headphones,Accessories,South,6,5346,351.93,Low,0.065830527
07-03-2023,Smartphone,Electronics,East,1,464,66.26,Low,0.142801724
28-09-2022,Keyboard,Accessories,North,7,3752,835.34,Low,0.222638593
01-07-2024,Keyboard,Accessories,West,6,1962,301.57,Low,0.153705403
27-11-2024,Smartphone,Electronics,South,6,2310,202.98,Low,0.08787013
01-03-2023,Tablet,Electronics,East,4,3028,685.23,Low,0.226297886
22-07-2023,Monitor,Accessories,North,3,2994,877.92,Low,0.293226453
18-06-2024,Tablet,Electronics,South,3,3393,313.45,Low,0.092381373
08-11-2024,Camera,Electronics,North,3,1209,320.61,Low,0.265186104
18-11-2022,Keyboard,Accessories,East,8,5784,1276.57,Medium,0.220707123
10-03-2022,Laptop,Electronics,West,9,3078,285.05,Low,0.092608837
18-01-2024,Printer,Office,South,4,2464,602.3,Low,0.244439935
14-12-2024,Camera,Electronics,West,5,2445,146.6,Low,0.0599591
24-02-2023,Keyboard,Accessories,North,8,5312,841.13,Low,0.158345256
31-03-2022,Keyboard,Accessories,South,1,657,101.85,Low,0.155022831
17-05-2024,Keyboard,Accessories,South,3,2580,173.89,Low,0.067399225
05-10-2022,Laptop,Electronics,East,8,4624,893.74,Low,0.193282872
22-11-2023,Smartwatch,Electronics,North,2,1258,146.7,Low,0.116613672
28-07-2024,Camera,Electronics,East,7,6468,398.23,Low,0.061569264
24-05-2023,Monitor,Accessories,West,3,1359,152.85,Low,0.112472406
28-11-2024,Laptop,Electronics,North,1,104,18.67,Low,0.179519231
01-03-2023,Headphones,Accessories,South,3,1785,93.17,Low,0.052196078
04-06-2022,Monitor,Accessories,North,8,7728,1748.26,Medium,0.22622412
27-05-2023,Smartphone,Electronics,West,6,4188,1231.16,Medium,0.293973257
25-06-2022,Smartwatch,Electronics,South,8,3520,359.84,Low,0.102227273
12-08-2023,Camera,Electronics,East,3,2280,365.17,Low,0.160162281
09-07-2024,Printer,Office,North,9,2484,655.54,Low,0.263904992
17-04-2024,Tablet,Electronics,West,3,1248,348.19,Low,0.278998397
12-12-2023,Smartwatch,Electronics,West,2,850,59.92,Low,0.070494118
07-01-2022,Printer,Office,East,4,1412,150.13,Low,0.106324363
30-05-2022,Headphones,Accessories,North,1,465,26.5,Low,0.056989247
28-05-2024,Printer,Office,West,1,293,29.58,Low,0.100955631
01-01-2022,Tablet,Electronics,North,9,9234,2523.67,High,0.273301928
01-12-2022,Tablet,Electronics,North,2,1298,239.45,Low,0.184476117
07-08-2024,Printer,Office,East,9,9477,2443.62,High,0.25784742
29-05-2024,Printer,Office,South,7,6713,457.99,Low,0.068224341
25-04-2022,Laptop,Electronics,South,5,5700,999.26,Low,0.175308772
29-07-2024,Camera,Electronics,West,6,4146,700.46,Low,0.168948384
11-10-2023,Tablet,Electronics,North,8,6968,704.55,Low,0.101112227
09-09-2024,Camera,Electronics,East,2,1054,243.5,Low,0.231024668
15-03-2022,Keyboard,Accessories,West,3,1983,453.09,Low,0.228487141
26-10-2023,Keyboard,Accessories,South,5,875,70.72,Low,0.080822857
25-09-2023,Printer,Office,North,2,268,63.01,Low,0.23511194
17-07-2024,Headphones,Accessories,West,6,5370,1045.1,Medium,0.19461825
10-01-2024,Monitor,Accessories,West,8,3624,1071.43,Medium,0.295648455
22-09-2024,Smartwatch,Electronics,West,4,1932,301.16,Low,0.155879917
05-09-2022,Smartphone,Electronics,North,7,6020,384.74,Low,0.063910299
02-05-2024,Headphones,Accessories,East,5,1775,234.67,Low,0.132208451
09-03-2023,Smartwatch,Electronics,West,3,1488,382.09,Low,0.256780914
21-09-2024,Keyboard,Accessories,East,6,6720,1113.56,Medium,0.165708333
06-04-2022,Mouse,Accessories,East,7,5047,1356.23,Medium,0.268720032
07-03-2022,Tablet,Electronics,East,5,3735,957.13,Low,0.256259705
26-02-2024,Keyboard,Accessories,East,5,1250,120.74,Low,0.096592
11-01-2022,Tablet,Electronics,North,7,2751,548.05,Low,0.199218466
14-07-2023,Laptop,Electronics,East,9,468,58.98,Low,0.126025641
06-07-2023,Printer,Office,North,4,632,114.82,Low,0.181677215
15-09-2022,Keyboard,Accessories,South,7,798,219.2,Low,0.274686717
28-01-2022,Smartwatch,Electronics,South,5,1295,104.26,Low,0.080509653
10-12-2024,Camera,Electronics,West,4,3360,540.38,Low,0.160827381
11-06-2023,Camera,Electronics,North,5,995,206.95,Low,0.20798995
20-12-2024,Smartwatch,Electronics,East,5,550,28.72,Low,0.052218182
27-02-2023,Monitor,Accessories,West,8,5384,724.8,Low,0.1346211
19-11-2023,Printer,Office,East,3,3534,489.06,Low,0.138387097
20-02-2024,Smartphone,Electronics,West,9,6813,890.05,Low,0.130639953
27-11-2023,Smartwatch,Electronics,East,6,5508,1632.37,Medium,0.296363471
27-01-2022,Headphones,Accessories,East,1,966,202.53,Low,0.209658385
04-07-2024,Mouse,Accessories,South,4,460,92.24,Low,0.200521739
26-06-2023,Smartphone,Electronics,North,6,7026,459.4,Low,0.06538571
24-05-2024,Smartphone,Electronics,South,5,910,116.47,Low,0.127989011
22-08-2022,Monitor,Accessories,West,9,5796,1729.18,Medium,0.298340235
28-09-2022,Monitor,Accessories,North,3,1050,292.64,Low,0.278704762
28-05-2024,Mouse,Accessories,West,1,1043,151.13,Low,0.144899329
08-10-2022,Printer,Office,South,3,3330,503.85,Low,0.151306306
19-01-2022,Mouse,Accessories,East,8,1896,448.53,Low,0.236566456
29-04-2023,Camera,Electronics,West,5,5170,1248.66,Medium,0.241520309
24-04-2023,Printer,Office,North,2,466,25.04,Low,0.053733906
15-06-2023,Mouse,Accessories,North,8,6032,1636.61,Medium,0.271321286
22-03-2023,Camera,Electronics,South,1,1084,103.06,Low,0.095073801
20-09-2023,Keyboard,Accessories,North,2,490,45.34,Low,0.092530612
30-06-2022,Monitor,Accessories,North,6,558,57.01,Low,0.102168459
18-02-2024,Monitor,Accessories,East,4,4024,787.06,Low,0.195591451
02-02-2023,Mouse,Accessories,East,4,1560,461.15,Low,0.295608974
08-03-2024,Laptop,Electronics,North,1,126,26.62,Low,0.211269841
08-10-2023,Mouse,Accessories,South,7,4921,827.87,Low,0.168232067
10-10-2023,Headphones,Accessories,West,5,2665,532.76,Low,0.199909944
05-04-2023,Headphones,Accessories,South,4,200,58.42,Low,0.2921
01-08-2024,Smartwatch,Electronics,East,2,186,32.48,Low,0.174623656
12-10-2024,Monitor,Accessories,South,8,5456,898.06,Low,0.16460044
29-07-2022,Smartwatch,Electronics,West,9,3321,540.67,Low,0.162803372
13-02-2024,Headphones,Accessories,North,7,3766,914.49,Low,0.242827934
07-05-2022,Keyboard,Accessories,West,6,3150,498.63,Low,0.158295238
19-05-2022,Laptop,Electronics,East,2,646,110.13,Low,0.170479876
12-08-2022,Smartphone,Electronics,South,5,2665,369.73,Low,0.13873546
13-10-2023,Smartwatch,Electronics,North,9,1467,384.22,Low,0.261908657
05-07-2024,Tablet,Electronics,North,7,4620,990.79,Low,0.21445671
17-03-2023,Tablet,Electronics,West,8,1184,148.69,Low,0.12558277
01-11-2023,Camera,Electronics,East,1,113,20.07,Low,0.177610619
02-10-2024,Printer,Office,East,8,3336,492.76,Low,0.147709832
09-04-2023,Smartphone,Electronics,South,4,4224,477.33,Low,0.113004261
09-07-2022,Headphones,Accessories,North,3,1098,144.24,Low,0.13136612
10-03-2024,Camera,Electronics,South,8,4400,351.82,Low,0.079959091
08-05-2022,Printer,Office,North,8,5616,723.42,Low,0.128814103
02-03-2024,Printer,Office,North,7,4676,520.38,Low,0.111287425
19-07-2022,Smartwatch,Electronics,North,2,2370,641.23,Low,0.270561181
24-01-2023,Mouse,Accessories,West,7,4487,688.76,Low,0.153501226
01-10-2024,Camera,Electronics,North,6,6384,1754.15,Medium,0.27477287
30-03-2023,Keyboard,Accessories,South,8,2960,878.11,Low,0.296658784
24-03-2022,Smartwatch,Electronics,East,1,897,250.78,Low,0.279576366
25-03-2023,Smartphone,Electronics,East,2,1178,120.51,Low,0.102300509
20-01-2023,Smartwatch,Electronics,East,2,1026,64.51,Low,0.062875244
22-05-2022,Printer,Office,South,1,1148,89.04,Low,0.077560976
15-02-2023,Printer,Office,West,7,3185,765.41,Low,0.240317111
03-03-2022,Smartphone,Electronics,East,7,5180,463.35,Low,0.089449807
02-11-2022,Headphones,Accessories,South,5,2025,295.13,Low,0.14574321
24-12-2024,Tablet,Electronics,North,9,1359,187.72,Low,0.138130979
30-03-2023,Camera,Electronics,South,4,1836,462.52,Low,0.251917211
03-12-2022,Tablet,Electronics,West,2,702,112.04,Low,0.15960114
07-12-2024,Smartphone,Electronics,West,8,6576,1337.38,Medium,0.203372871
07-03-2024,Smartwatch,Electronics,West,2,1428,398.24,Low,0.278879552
08-01-2023,Camera,Electronics,North,7,6853,1259.03,Medium,0.183719539
16-05-2022,Camera,Electronics,West,2,1492,276.56,Low,0.18536193
29-04-2024,Printer,Office,North,6,1938,146.73,Low,0.075712074
08-01-2023,Camera,Electronics,South,5,905,70.91,Low,0.078353591
25-02-2022,Printer,Office,North,3,2571,510.01,Low,0.198370284
08-04-2024,Tablet,Electronics,West,4,1500,127.81,Low,0.085206667
17-03-2023,Smartwatch,Electronics,South,9,8712,1034.27,Medium,0.11871786
23-07-2024,Monitor,Accessories,East,4,1308,368.28,Low,0.281559633
06-03-2024,Smartphone,Electronics,South,4,2648,707.32,Low,0.267114804
18-03-2022,Camera,Electronics,South,9,9810,1666.96,Medium,0.169924567
03-05-2024,Headphones,Accessories,North,3,3291,274.1,Low,0.083287754
22-09-2022,Smartwatch,Electronics,North,1,758,96.44,Low,0.127229551
29-09-2022,Keyboard,Accessories,East,7,2436,715.14,Low,0.293571429
01-06-2024,Smartwatch,Electronics,North,7,560,163.16,Low,0.291357143
20-10-2022,Smartphone,Electronics,West,8,4240,519.72,Low,0.122575472
05-09-2024,Monitor,Accessories,East,8,5416,403.52,Low,0.07450517
16-07-2023,Smartphone,Electronics,East,8,1728,477.7,Low,0.276446759
15-07-2023,Keyboard,Accessories,West,9,6309,801.15,Low,0.126985259
08-08-2023,Keyboard,Accessories,North,8,3400,758.57,Low,0.223108824
29-04-2022,Laptop,Electronics,East,1,403,72.45,Low,0.179776675
17-12-2022,Keyboard,Accessories,South,4,2108,375.62,Low,0.178187856
30-09-2022,Headphones,Accessories,West,2,1090,296.12,Low,0.271669725
06-11-2022,Keyboard,Accessories,North,7,1274,317.92,Low,0.249544741
11-04-2024,Mouse,Accessories,South,3,1056,70.54,Low,0.066799242
01-06-2023,Mouse,Accessories,North,9,5247,921.09,Low,0.175546026
06-11-2023,Mouse,Accessories,West,7,6006,1595.22,Medium,0.265604396
18-01-2024,Monitor,Accessories,West,5,5415,1261.65,Medium,0.23299169
24-02-2022,Smartphone,Electronics,West,1,632,81.54,Low,0.129018987
31-01-2024,Printer,Office,West,8,6160,947.96,Low,0.15388961
26-05-2023,Printer,Office,South,1,857,172.91,Low,0.20176196
28-01-2023,Tablet,Electronics,East,1,169,22.99,Low,0.136035503
01-10-2023,Tablet,Electronics,West,7,1463,175.13,Low,0.119706083
18-12-2022,Camera,Electronics,East,8,7528,1283.07,Medium,0.170439692
24-12-2022,Smartwatch,Electronics,West,2,1158,227.61,Low,0.196554404
17-06-2022,Monitor,Accessories,West,4,200,20.25,Low,0.10125
01-01-2023,Smartphone,Electronics,West,2,1514,180.67,Low,0.119332893
07-07-2024,Smartwatch,Electronics,South,7,2632,738.93,Low,0.28074848
31-07-2022,Keyboard,Accessories,North,1,358,77.84,Low,0.217430168
04-06-2023,Camera,Electronics,East,8,2360,653.3,Low,0.276822034
29-08-2023,Keyboard,Accessories,South,5,5275,594.29,Low,0.112661611
06-04-2023,Monitor,Accessories,East,9,1719,251.85,Low,0.146509599
04-02-2023,Smartphone,Electronics,West,6,1956,434.03,Low,0.221896728
27-08-2022,Keyboard,Accessories,West,3,1875,152.07,Low,0.081104
13-06-2022,Monitor,Accessories,South,4,984,157.72,Low,0.160284553
20-08-2023,Camera,Electronics,South,4,3616,789.63,Low,0.218371128
18-10-2024,Tablet,Electronics,West,5,4560,1180.8,Medium,0.258947368
14-09-2024,Smartphone,Electronics,West,8,7496,2019.32,High,0.269386339
17-08-2022,Camera,Electronics,North,5,5070,889.97,Low,0.175536489
21-04-2022,Smartwatch,Electronics,North,5,4505,1351.28,Medium,0.299951165
13-01-2022,Tablet,Electronics,South,2,1916,503.83,Low,0.26295929
28-08-2024,Camera,Electronics,West,7,8113,1103.57,Medium,0.136024898
13-08-2022,Laptop,Electronics,North,9,1809,392.44,Low,0.216937535
01-09-2023,Laptop,Electronics,South,3,1227,229.75,Low,0.187245314
20-07-2023,Laptop,Electronics,South,6,2040,124.65,Low,0.061102941
22-12-2022,Tablet,Electronics,West,6,6324,629.2,Low,0.099493991
25-03-2023,Printer,Office,North,3,2724,521.24,Low,0.191350954
14-05-2023,Laptop,Electronics,South,1,1188,110.32,Low,0.092861953
23-01-2024,Keyboard,Accessories,East,8,8776,1561.07,Medium,0.177879444
25-03-2023,Laptop,Electronics,South,9,5553,1432.76,Medium,0.258015487
27-08-2022,Smartphone,Electronics,South,2,970,262.19,Low,0.270298969
15-07-2022,Keyboard,Accessories,South,5,940,56.7,Low,0.060319149
08-07-2024,Printer,Office,East,1,1175,171.51,Low,0.145965957
07-11-2022,Laptop,Electronics,East,9,4860,1425.54,Medium,0.293320988
18-10-2022,Headphones,Accessories,North,1,987,207.69,Low,0.210425532
17-05-2024,Camera,Electronics,East,7,2968,485.13,Low,0.163453504
09-03-2022,Mouse,Accessories,East,3,2172,364.77,Low,0.167941989
01-01-2022,Headphones,Accessories,South,7,3941,628.96,Low,0.159594012
22-06-2022,Headphones,Accessories,North,7,2261,566.36,Low,0.250490933
15-07-2022,Smartwatch,Electronics,West,9,8802,2519.93,High,0.286290616
15-03-2023,Printer,Office,South,5,3025,172.43,Low,0.057001653
16-01-2022,Printer,Office,North,4,4428,600.55,Low,0.135625565
28-10-2024,Mouse,Accessories,West,9,7344,1417.84,Medium,0.193061002
23-08-2024,Keyboard,Accessories,East,4,2236,167.78,Low,0.075035778
24-11-2024,Smartphone,Electronics,South,8,536,57.08,Low,0.106492537
20-10-2024,Monitor,Accessories,North,5,1980,249.22,Low,0.125868687
26-01-2022,Printer,Office,East,6,2100,202.86,Low,0.0966
16-04-2023,Smartwatch,Electronics,West,3,1497,122.76,Low,0.082004008
18-07-2024,Laptop,Electronics,North,6,4200,1013.7,Medium,0.241357143
21-11-2022,Headphones,Accessories,South,2,1242,191.82,Low,0.154444444
29-11-2022,Smartwatch,Electronics,South,5,1570,312.81,Low,0.199242038
01-07-2023,Monitor,Accessories,East,4,428,86.62,Low,0.202383178
02-02-2023,Printer,Office,South,1,914,270.74,Low,0.296214442
13-12-2024,Tablet,Electronics,North,3,465,98.93,Low,0.212752688
27-08-2022,Smartwatch,Electronics,North,2,1062,83.49,Low,0.078615819
26-05-2022,Camera,Electronics,South,8,8720,1984.11,Medium,0.22753555
04-02-2024,Mouse,Accessories,South,6,1308,343.61,Low,0.262698777
12-12-2024,Headphones,Accessories,South,9,8514,1291.97,Medium,0.151746535
07-02-2023,Tablet,Electronics,North,2,1212,151.07,Low,0.124645215
24-04-2023,Headphones,Accessories,West,4,2576,503.57,Low,0.195485248
26-09-2023,Keyboard,Accessories,East,8,4800,606.19,Low,0.126289583
02-10-2022,Smartwatch,Electronics,East,5,1440,274.54,Low,0.190652778
12-09-2022,Smartwatch,Electronics,North,9,10251,737.45,Low,0.071939323
18-01-2023,Smartphone,Electronics,North,7,3038,570.98,Low,0.187946017
24-11-2022,Monitor,Accessories,West,9,6993,1945.56,Medium,0.278215358
07-03-2024,Monitor,Accessories,East,4,1632,247.88,Low,0.151887255
07-10-2024,Keyboard,Accessories,East,9,5706,1704.8,Medium,0.298773221
29-08-2022,Camera,Electronics,North,9,9657,1187.22,Medium,0.122938801
31-01-2022,Smartwatch,Electronics,East,5,4405,450.83,Low,0.102345062
14-12-2023,Keyboard,Accessories,East,4,1720,360.78,Low,0.209755814
13-08-2023,Camera,Electronics,South,7,4557,234.62,Low,0.051485627
12-12-2024,Headphones,Accessories,West,7,2380,431.43,Low,0.181273109
11-02-2022,Headphones,Accessories,North,8,456,74.99,Low,0.164451754
16-11-2023,Camera,Electronics,East,6,6534,355.03,Low,0.054335782
04-03-2022,Smartphone,Electronics,North,6,3456,307.46,Low,0.08896412
29-06-2022,Keyboard,Accessories,West,9,8163,2352.46,High,0.288185716
28-08-2023,Headphones,Accessories,North,6,4656,601.71,Low,0.129233247
16-09-2022,Smartphone,Electronics,West,2,966,241.54,Low,0.250041408
02-12-2022,Mouse,Accessories,East,4,2580,669.67,Low,0.259562016
02-10-2022,Camera,Electronics,South,9,8127,1906.5,Medium,0.234588409
19-05-2022,Smartwatch,Electronics,South,4,2128,614.05,Low,0.288557331
05-06-2022,Smartphone,Electronics,South,9,6417,1100.52,Medium,0.171500701
11-06-2022,Keyboard,Accessories,East,7,3997,494.78,Low,0.123787841
14-03-2023,Laptop,Electronics,West,1,879,149.52,Low,0.170102389
17-11-2023,Laptop,Electronics,North,3,2415,538.39,Low,0.222935818
27-09-2024,Camera,Electronics,West,4,1064,314.84,Low,0.295902256
17-02-2022,Mouse,Accessories,South,4,1156,326.92,Low,0.282802768
12-05-2022,Smartphone,Electronics,North,1,1184,218.27,Low,0.184349662
05-02-2022,Keyboard,Accessories,South,3,1950,211.16,Low,0.108287179
29-08-2022,Laptop,Electronics,South,4,1088,295.09,Low,0.271222426
04-12-2023,Printer,Office,South,6,4380,522.3,Low,0.119246575
20-04-2024,Camera,Electronics,South,1,998,196.17,Low,0.196563126
25-05-2024,Smartphone,Electronics,East,6,5766,675.17,Low,0.11709504
09-10-2024,Tablet,Electronics,West,6,3120,274.65,Low,0.088028846
07-03-2022,Printer,Office,East,7,637,68.11,Low,0.106923077
26-10-2023,Laptop,Electronics,West,6,3306,697.74,Low,0.211052632
31-05-2022,Monitor,Accessories,South,6,7020,726.72,Low,0.103521368
16-09-2022,Camera,Electronics,South,7,5971,502.14,Low,0.084096466
22-11-2023,Laptop,Electronics,North,2,750,77.68,Low,0.103573333
26-04-2024,Tablet,Electronics,North,3,2379,523,Low,0.219840269
21-08-2022,Camera,Electronics,North,1,699,108.94,Low,0.155851216
16-01-2023,Camera,Electronics,West,9,6876,1895.24,Medium,0.275631181
02-02-2022,Monitor,Accessories,North,8,1800,494.02,Low,0.274455556
11-07-2024,Tablet,Electronics,South,5,1255,236.25,Low,0.188247012
04-06-2022,Smartwatch,Electronics,East,9,1998,343.58,Low,0.171961962
26-11-2022,Headphones,Accessories,East,1,307,80.19,Low,0.261205212
25-06-2024,Printer,Office,West,1,235,54.87,Low,0.233489362
01-11-2023,Monitor,Accessories,South,6,1506,407.73,Low,0.270737052
26-10-2024,Tablet,Electronics,North,8,2464,216.51,Low,0.087869318
12-05-2023,Smartwatch,Electronics,South,2,322,42.03,Low,0.13052795
04-03-2023,Printer,Office,West,4,1100,100.02,Low,0.090927273
08-03-2022,Keyboard,Accessories,South,4,2188,265.54,Low,0.121361974
22-12-2023,Printer,Office,West,9,2934,473.34,Low,0.161329243
04-11-2022,Headphones,Accessories,South,8,9224,514.06,Low,0.055730703
15-12-2022,Monitor,Accessories,East,4,2436,142.81,Low,0.058624795
23-09-2022,Smartwatch,Electronics,West,4,972,97.55,Low,0.100360082
03-10-2024,Laptop,Electronics,South,6,5484,540.4,Low,0.098541211
17-10-2024,Camera,Electronics,West,8,3152,337.36,Low,0.107030457
22-03-2024,Keyboard,Accessories,East,8,6032,870.17,Low,0.144258952
10-04-2023,Camera,Electronics,West,7,6384,1324.49,Medium,0.207470238
10-07-2023,Printer,Office,East,5,3705,707.08,Low,0.190844804
04-11-2022,Smartwatch,Electronics,South,6,5580,394.03,Low,0.070614695
16-04-2022,Camera,Electronics,East,2,1236,120.74,Low,0.097686084
02-04-2023,Camera,Electronics,North,8,7040,1969.93,Medium,0.279819602
11-06-2024,Camera,Electronics,East,9,909,138.04,Low,0.151859186
26-12-2024,Mouse,Accessories,South,1,106,7.24,Low,0.068301887
12-11-2024,Smartwatch,Electronics,South,1,281,67.85,Low,0.241459075
25-09-2022,Camera,Electronics,East,6,6768,1851.01,Medium,0.273494385
07-03-2023,Laptop,Electronics,West,6,4302,276.35,Low,0.064237564
19-11-2022,Smartphone,Electronics,North,9,7146,2125.44,High,0.29743073
16-02-2023,Smartphone,Electronics,South,3,582,48.08,Low,0.082611684
01-08-2024,Headphones,Accessories,North,6,576,162.75,Low,0.282552083
24-09-2023,Keyboard,Accessories,South,5,4265,796.12,Low,0.18666354
24-06-2023,Smartwatch,Electronics,East,8,5368,333.53,Low,0.06213301
04-12-2023,Headphones,Accessories,South,1,314,66.23,Low,0.210923567
24-12-2024,Tablet,Electronics,West,6,2676,646.7,Low,0.241666667
13-02-2022,Laptop,Electronics,North,4,3384,947.52,Low,0.28
20-07-2023,Mouse,Accessories,West,6,3186,794.94,Low,0.249510358
20-12-2024,Smartwatch,Electronics,South,4,1832,528.69,Low,0.288586245
02-11-2024,Printer,Office,South,8,4784,769.91,Low,0.160934365
16-02-2024,Tablet,Electronics,West,1,381,63.18,Low,0.165826772
29-11-2022,Smartphone,Electronics,South,9,4527,677.34,Low,0.149622266
25-05-2022,Printer,Office,South,4,1612,240.42,Low,0.149143921
04-10-2023,Printer,Office,East,2,1918,435.56,Low,0.227090719
04-01-2024,Camera,Electronics,East,1,179,42.37,Low,0.236703911
31-05-2024,Smartwatch,Electronics,West,3,3153,224.29,Low,0.071135427
18-04-2023,Tablet,Electronics,East,8,3864,855.75,Low,0.221467391
13-05-2023,Printer,Office,South,5,2440,570.78,Low,0.23392623
31-03-2023,Camera,Electronics,South,6,3660,675.38,Low,0.184530055
03-08-2024,Smartwatch,Electronics,East,3,318,49.93,Low,0.157012579
16-12-2023,Mouse,Accessories,South,3,483,63.27,Low,0.130993789
21-08-2024,Headphones,Accessories,North,6,6774,960.41,Low,0.14177886
02-01-2024,Monitor,Accessories,West,5,5310,806.12,Low,0.151811676
06-03-2024,Keyboard,Accessories,West,6,5154,779.43,Low,0.151228172
19-09-2023,Keyboard,Accessories,East,9,6741,823.17,Low,0.12211393
13-05-2022,Camera,Electronics,North,2,520,61.33,Low,0.117942308
19-06-2024,Tablet,Electronics,East,7,1120,111.79,Low,0.0998125
12-07-2022,Keyboard,Accessories,East,1,911,155.3,Low,0.170472009
21-03-2022,Monitor,Accessories,South,8,1064,190.73,Low,0.179257519
28-04-2024,Laptop,Electronics,North,7,1981,404.3,Low,0.204088844
20-04-2022,Camera,Electronics,South,5,4280,540.47,Low,0.126278037
25-06-2024,Smartwatch,Electronics,South,5,5125,268.39,Low,0.05236878
26-12-2024,Monitor,Accessories,West,7,1575,313.96,Low,0.199339683
28-04-2024,Tablet,Electronics,East,9,9972,1868.64,Medium,0.187388688
01-10-2022,Smartphone,Electronics,East,8,4576,900.04,Low,0.196687063
01-06-2024,Monitor,Accessories,South,7,6559,1141.32,Medium,0.174008233
20-07-2023,Tablet,Electronics,South,1,619,35.36,Low,0.057124394
09-06-2024,Headphones,Accessories,West,8,2488,151.95,Low,0.061073151
29-10-2022,Mouse,Accessories,West,4,2536,148.85,Low,0.058694795
03-02-2022,Tablet,Electronics,West,8,5416,297.5,Low,0.054929838
13-02-2023,Smartwatch,Electronics,East,2,2334,158.07,Low,0.067724936
28-07-2022,Camera,Electronics,East,9,1080,183.42,Low,0.169833333
08-05-2024,Tablet,Electronics,South,4,1324,127.07,Low,0.09597432
16-07-2023,Camera,Electronics,West,2,2304,444.08,Low,0.192743056
21-02-2024,Smartphone,Electronics,East,4,4736,1026.24,Medium,0.216689189
14-08-2023,Mouse,Accessories,West,9,2925,457.49,Low,0.156406838
27-01-2023,Laptop,Electronics,East,9,6345,1627.26,Medium,0.256463357
13-06-2022,Headphones,Accessories,East,9,4221,912.84,Low,0.216261549
06-12-2022,Headphones,Accessories,South,7,462,56.89,Low,0.123138528
13-05-2022,Monitor,Accessories,North,7,7588,1625.55,Medium,0.21422641
12-12-2022,Keyboard,Accessories,North,6,5232,1270.64,Medium,0.242859327
01-08-2024,Camera,Electronics,East,8,1440,402.06,Low,0.279208333
31-03-2023,Monitor,Accessories,North,2,1026,226.4,Low,0.220662768
21-09-2024,Camera,Electronics,North,7,7455,1008.42,Medium,0.135267606
29-11-2023,Printer,Office,East,8,2456,404.35,Low,0.164637622
01-11-2022,Camera,Electronics,North,3,2859,404.56,Low,0.141504022
08-01-2024,Keyboard,Accessories,East,1,311,50.66,Low,0.162893891
28-10-2022,Printer,Office,East,9,1260,246.6,Low,0.195714286
18-01-2022,Keyboard,Accessories,South,1,466,102.48,Low,0.219914163
22-02-2023,Laptop,Electronics,West,3,867,58.2,Low,0.067128028
24-02-2023,Monitor,Accessories,South,6,3888,275.72,Low,0.070915638
12-04-2024,Tablet,Electronics,North,4,3032,347.2,Low,0.114511873
22-12-2023,Tablet,Electronics,North,7,4704,978.81,Low,0.208080357
27-10-2022,Printer,Office,West,3,3186,527.75,Low,0.165646579
18-08-2024,Printer,Office,North,9,6183,359.54,Low,0.058149765
14-10-2022,Smartwatch,Electronics,West,1,243,21.75,Low,0.089506173
20-06-2023,Smartphone,Electronics,North,3,897,235.67,Low,0.262731327
19-12-2023,Headphones,Accessories,West,9,4563,675.62,Low,0.14806487
18-09-2022,Laptop,Electronics,South,4,628,156.98,Low,0.249968153
21-12-2024,Monitor,Accessories,East,6,1050,172.83,Low,0.1646
16-05-2022,Monitor,Accessories,North,8,3032,278.85,Low,0.091968997
27-09-2023,Keyboard,Accessories,West,1,920,118.24,Low,0.128521739
02-03-2024,Laptop,Electronics,South,2,668,90.67,Low,0.135733533
31-05-2024,Mouse,Accessories,East,5,5990,1403.53,Medium,0.234312187
04-03-2024,Tablet,Electronics,South,9,9324,1223.9,Medium,0.131263406
11-04-2023,Keyboard,Accessories,East,8,5768,368.49,Low,0.063885229
01-05-2024,Laptop,Electronics,North,1,1123,318.09,Low,0.283250223
20-12-2024,Keyboard,Accessories,West,4,2336,453.04,Low,0.193938356
22-11-2023,Laptop,Electronics,West,6,438,26.03,Low,0.059429224
23-12-2022,Tablet,Electronics,North,6,5940,318.72,Low,0.053656566
22-06-2022,Camera,Electronics,West,3,1848,549.34,Low,0.297261905
17-03-2023,Keyboard,Accessories,North,3,2118,321.05,Low,0.151581681
16-01-2022,Smartphone,Electronics,North,3,231,36.73,Low,0.159004329
12-01-2024,Headphones,Accessories,South,6,978,182.46,Low,0.186564417
22-05-2023,Monitor,Accessories,North,5,4960,420.98,Low,0.084875
09-03-2022,Camera,Electronics,South,3,1377,330.44,Low,0.239970951
09-02-2023,Camera,Electronics,West,2,1958,227.77,Low,0.116327886
12-06-2023,Mouse,Accessories,West,7,5607,1288.04,Medium,0.229719993
24-11-2022,Smartwatch,Electronics,South,6,3504,980.7,Low,0.279880137
21-11-2024,Mouse,Accessories,North,4,796,75.15,Low,0.094409548
14-08-2024,Monitor,Accessories,North,1,342,37.64,Low,0.11005848
14-08-2024,Monitor,Accessories,South,7,6769,1549.67,Medium,0.228936327
29-08-2023,Headphones,Accessories,South,9,10080,1794.73,Medium,0.178048611
11-01-2024,Smartwatch,Electronics,East,7,3948,758.36,Low,0.192087133
27-06-2023,Headphones,Accessories,South,4,1488,74.52,Low,0.050080645
17-01-2024,Mouse,Accessories,South,5,1200,201.8,Low,0.168166667
10-01-2023,Smartwatch,Electronics,North,4,4476,977.6,Low,0.218409294
01-08-2023,Monitor,Accessories,West,1,1178,292.15,Low,0.248005093
26-12-2024,Smartwatch,Electronics,South,8,2888,149.92,Low,0.051911357
13-12-2024,Smartphone,Electronics,South,6,1704,193.18,Low,0.113368545
17-10-2022,Printer,Office,West,8,4200,1017.94,Medium,0.242366667
12-03-2024,Keyboard,Accessories,East,7,4417,562.79,Low,0.127414535
20-05-2024,Camera,Electronics,West,4,764,178.83,Low,0.234070681
28-06-2024,Headphones,Accessories,South,4,4000,964.43,Low,0.2411075
21-10-2024,Monitor,Accessories,East,9,2331,558,Low,0.239382239
31-01-2023,Mouse,Accessories,West,9,8172,1296.29,Medium,0.158625795
20-12-2024,Laptop,Electronics,North,1,761,61.15,Low,0.080354796
25-11-2023,Camera,Electronics,East,2,494,56.41,Low,0.114190283
05-09-2023,Headphones,Accessories,East,2,194,52.16,Low,0.268865979
20-03-2024,Tablet,Electronics,West,6,5820,1423.67,Medium,0.244616838
11-04-2022,Camera,Electronics,North,5,410,121.77,Low,0.297
06-12-2024,Smartphone,Electronics,East,6,1254,360.87,Low,0.28777512
04-06-2022,Tablet,Electronics,East,6,3432,452.4,Low,0.131818182
22-03-2024,Camera,Electronics,North,4,3792,997.99,Low,0.263183017
19-11-2024,Tablet,Electronics,West,7,546,117.9,Low,0.215934066
24-02-2022,Smartwatch,Electronics,East,3,1452,217.06,Low,0.149490358
14-11-2022,Keyboard,Accessories,West,8,9296,1556.05,Medium,0.1673892
01-12-2023,Mouse,Accessories,North,1,1160,149.81,Low,0.129146552
14-01-2024,Laptop,Electronics,West,6,4728,682.01,Low,0.144249154
12-02-2023,Camera,Electronics,North,6,1836,508.81,Low,0.27712963
13-09-2023,Smartwatch,Electronics,South,7,6237,1784.89,Medium,0.28617765
01-09-2024,Laptop,Electronics,West,5,5845,941.79,Low,0.161127459
27-12-2023,Monitor,Accessories,South,9,6138,851.14,Low,0.138667318
23-03-2022,Camera,Electronics,West,2,1416,136.75,Low,0.096574859
27-12-2024,Keyboard,Accessories,West,3,1851,348.9,Low,0.188492707
10-11-2022,Printer,Office,South,9,7452,1259.82,Medium,0.169057971
29-11-2023,Tablet,Electronics,North,5,1630,190.38,Low,0.116797546
16-08-2022,Camera,Electronics,West,6,4800,930.44,Low,0.193841667
23-11-2023,Smartwatch,Electronics,South,1,61,16.11,Low,0.264098361
21-09-2023,Monitor,Accessories,East,6,942,80.27,Low,0.085212314
30-07-2023,Smartphone,Electronics,South,8,7640,1663.63,Medium,0.217752618
12-05-2022,Camera,Electronics,South,5,4540,939.71,Low,0.206984581
27-11-2022,Headphones,Accessories,North,1,1030,190.47,Low,0.18492233
20-09-2023,Printer,Office,North,2,384,30.84,Low,0.0803125
24-11-2024,Smartwatch,Electronics,West,8,8560,991.94,Low,0.115880841
23-08-2022,Camera,Electronics,West,9,1557,117.36,Low,0.075375723
04-05-2023,Tablet,Electronics,East,7,707,124.59,Low,0.176223479
05-08-2022,Mouse,Accessories,West,5,3405,476.39,Low,0.139908957
15-11-2024,Tablet,Electronics,West,6,4722,522.16,Low,0.110580263
04-01-2022,Headphones,Accessories,North,2,2150,625.93,Low,0.291130233
04-11-2022,Monitor,Accessories,West,7,3619,827.39,Low,0.228623929
09-08-2023,Smartwatch,Electronics,South,4,3892,909.22,Low,0.233612539
02-08-2022,Camera,Electronics,South,1,54,13.29,Low,0.246111111
04-12-2023,Keyboard,Accessories,South,1,612,136.25,Low,0.222630719
03-09-2022,Monitor,Accessories,East,5,3850,419.55,Low,0.108974026
20-04-2024,Camera,Electronics,East,5,3005,389.93,Low,0.129760399
15-07-2024,Headphones,Accessories,North,9,5256,1296.65,Medium,0.246699011
13-03-2023,Printer,Office,East,6,3576,1033.3,Medium,0.288954139
08-11-2022,Tablet,Electronics,West,5,3415,496.48,Low,0.145382138
13-01-2023,Camera,Electronics,West,3,1722,203.04,Low,0.117909408
14-04-2022,Mouse,Accessories,East,8,4088,853.36,Low,0.208747554
09-02-2024,Headphones,Accessories,West,5,5320,882.84,Low,0.165947368
27-11-2022,Mouse,Accessories,West,6,3660,1079,Medium,0.294808743
13-05-2024,Camera,Electronics,West,6,5250,1228.49,Medium,0.233998095
17-04-2022,Laptop,Electronics,North,4,328,90.89,Low,0.277103659
29-09-2023,Smartphone,Electronics,West,7,1596,359.71,Low,0.225382206
11-02-2023,Printer,Office,South,7,2443,661.21,Low,0.270654932
23-07-2023,Smartwatch,Electronics,East,7,5432,870.08,Low,0.16017673
04-04-2022,Printer,Office,North,3,1254,221.19,Low,0.17638756
19-02-2022,Tablet,Electronics,East,5,5495,1276.27,Medium,0.232260237
07-12-2023,Headphones,Accessories,North,4,596,72.65,Low,0.121895973
18-10-2024,Printer,Office,South,6,3696,597.66,Low,0.161704545
18-04-2022,Mouse,Accessories,North,6,4488,939.05,Low,0.20923574
18-10-2023,Camera,Electronics,West,6,6846,932.21,Low,0.136168566
29-12-2023,Mouse,Accessories,West,8,2960,607.64,Low,0.205283784
31-07-2023,Smartphone,Electronics,South,1,419,99.5,Low,0.237470167
03-09-2024,Laptop,Electronics,West,6,6246,327.14,Low,0.052375921
12-09-2022,Tablet,Electronics,South,4,1900,372.18,Low,0.195884211
08-06-2023,Monitor,Accessories,North,7,3451,397.29,Low,0.115123153
24-11-2024,Smartphone,Electronics,West,2,1612,344.37,Low,0.213629032
13-08-2022,Laptop,Electronics,South,5,4445,642.83,Low,0.144618673
06-08-2024,Smartwatch,Electronics,North,5,720,63.84,Low,0.088666667
16-04-2024,Mouse,Accessories,East,2,1428,234.49,Low,0.164208683
27-12-2024,Tablet,Electronics,East,4,3532,665.2,Low,0.188335221
08-09-2024,Camera,Electronics,North,6,6528,549.62,Low,0.08419424
04-09-2023,Monitor,Accessories,East,1,743,216.5,Low,0.291386272
13-10-2023,Smartwatch,Electronics,East,6,1758,287.36,Low,0.163458476
29-11-2023,Headphones,Accessories,South,8,1008,100.61,Low,0.099811508
21-10-2024,Smartphone,Electronics,East,1,995,149.86,Low,0.150613065
05-10-2024,Keyboard,Accessories,West,9,4032,876.91,Low,0.217487599
29-10-2022,Smartphone,Electronics,East,6,480,131.08,Low,0.273083333
25-10-2024,Laptop,Electronics,East,1,989,149.99,Low,0.151658241
24-01-2022,Smartphone,Electronics,North,9,6606,759.55,Low,0.114978807
06-02-2024,Smartwatch,Electronics,East,6,912,256.58,Low,0.281337719
21-07-2022,Mouse,Accessories,South,4,2912,331.11,Low,0.113705357
03-02-2023,Camera,Electronics,West,5,845,69.35,Low,0.082071006
10-08-2023,Monitor,Accessories,South,4,2804,382.82,Low,0.136526391
28-12-2024,Laptop,Electronics,East,2,208,11.53,Low,0.055432692
19-11-2022,Smartwatch,Electronics,East,1,379,42.24,Low,0.111451187
18-05-2024,Mouse,Accessories,West,3,1227,113.38,Low,0.092404238
03-08-2023,Headphones,Accessories,East,7,5551,392.37,Low,0.070684561
06-08-2022,Headphones,Accessories,West,1,423,115.44,Low,0.272907801
26-01-2022,Headphones,Accessories,West,6,5982,944.81,Low,0.15794216
07-12-2022,Smartphone,Electronics,West,4,3732,468.6,Low,0.125562701
02-03-2023,Printer,Office,North,9,5904,1152.23,Medium,0.195160908
01-02-2024,Headphones,Accessories,East,5,1810,171.47,Low,0.094734807
30-01-2023,Smartphone,Electronics,South,6,5604,615.07,Low,0.109755532
28-04-2022,Laptop,Electronics,West,2,432,81.31,Low,0.188217593
27-11-2024,Keyboard,Accessories,East,2,416,68.58,Low,0.164855769
07-09-2022,Monitor,Accessories,North,8,1224,281.43,Low,0.229926471
12-03-2022,Printer,Office,West,8,5168,672.6,Low,0.130147059
10-11-2022,Monitor,Accessories,East,6,6522,502.98,Low,0.077120515
03-09-2022,Keyboard,Accessories,South,5,1090,140.7,Low,0.129082569
30-09-2024,Laptop,Electronics,South,3,1737,353.17,Low,0.203321819
08-03-2024,Printer,Office,West,9,7281,1358.17,Medium,0.18653619
19-03-2024,Smartwatch,Electronics,South,9,5832,1007.54,Medium,0.172760631
21-07-2024,Printer,Office,East,9,7020,623.97,Low,0.088884615
07-06-2023,Mouse,Accessories,South,3,2001,420.08,Low,0.209935032
13-08-2024,Monitor,Accessories,West,2,1832,489.21,Low,0.267036026
05-05-2024,Smartwatch,Electronics,East,6,3372,934.42,Low,0.277111507
20-12-2024,Tablet,Electronics,West,6,3384,503.86,Low,0.148894799
30-11-2024,Monitor,Accessories,East,1,351,31.95,Low,0.091025641
16-12-2024,Camera,Electronics,South,2,2092,549.42,Low,0.262629063
19-03-2023,Monitor,Accessories,South,7,1309,138.46,Low,0.105775401
28-04-2024,Keyboard,Accessories,North,9,6696,407.36,Low,0.06083632
29-09-2022,Keyboard,Accessories,East,5,1020,162.36,Low,0.159176471
30-05-2022,Keyboard,Accessories,East,8,8240,2006.72,High,0.243533981
07-10-2022,Headphones,Accessories,South,9,9810,1008.6,Medium,0.102813456
13-01-2023,Tablet,Electronics,West,1,853,97.5,Low,0.114302462
06-01-2023,Camera,Electronics,East,4,4416,1081.53,Medium,0.244911685
11-01-2023,Headphones,Accessories,North,8,3832,741.44,Low,0.19348643
16-12-2024,Monitor,Accessories,South,4,1876,221.18,Low,0.117899787
14-03-2024,Laptop,Electronics,South,3,2634,392.21,Low,0.148902809
26-08-2023,Laptop,Electronics,North,1,1027,259.92,Low,0.25308666
10-07-2023,Printer,Office,West,5,3100,911.86,Low,0.294148387
18-03-2022,Mouse,Accessories,West,1,104,29.67,Low,0.285288462
18-06-2024,Mouse,Accessories,East,2,1590,147.2,Low,0.092578616
20-08-2024,Camera,Electronics,South,4,1104,63.57,Low,0.057581522
18-09-2024,Smartphone,Electronics,South,3,1851,198.71,Low,0.107352782
06-11-2024,Smartphone,Electronics,South,2,1408,193.09,Low,0.137137784
24-05-2022,Laptop,Electronics,South,7,4641,1341.98,Medium,0.289157509
01-10-2022,Tablet,Electronics,West,7,2611,539.37,Low,0.206576025
05-12-2023,Laptop,Electronics,North,4,3824,711.92,Low,0.186171548
08-03-2023,Smartphone,Electronics,East,2,2042,501.34,Low,0.245514202
30-07-2023,Tablet,Electronics,North,6,6378,1408.28,Medium,0.220802759
14-03-2023,Camera,Electronics,East,4,4692,409.07,Low,0.087184569
30-06-2024,Laptop,Electronics,West,6,6234,1829.07,Medium,0.29340231
25-09-2024,Smartphone,Electronics,West,4,1852,535.07,Low,0.288914687
05-02-2022,Monitor,Accessories,South,3,3075,804.06,Low,0.261482927
24-10-2023,Printer,Office,North,5,370,92.45,Low,0.249864865
11-12-2024,Keyboard,Accessories,North,6,624,66.99,Low,0.107355769
13-07-2023,Smartwatch,Electronics,South,2,1734,310.76,Low,0.179215686
05-05-2023,Printer,Office,West,9,2268,361.62,Low,0.159444444
31-08-2022,Camera,Electronics,East,5,3670,924.95,Low,0.252029973
16-08-2024,Smartwatch,Electronics,North,7,4634,1358.44,Medium,0.29314631
20-01-2024,Headphones,Accessories,North,9,1440,94.41,Low,0.0655625
11-04-2023,Laptop,Electronics,West,6,5136,1225.4,Medium,0.238590343
20-09-2024,Smartphone,Electronics,East,1,166,31.72,Low,0.191084337
03-02-2022,Keyboard,Accessories,East,3,1422,328.98,Low,0.231350211
11-09-2023,Headphones,Accessories,East,8,1832,532.97,Low,0.290922489
29-10-2022,Printer,Office,South,1,668,94.08,Low,0.140838323
22-12-2024,Camera,Electronics,West,6,1272,336.3,Low,0.264386792
26-06-2023,Keyboard,Accessories,North,8,984,72.54,Low,0.073719512
25-07-2024,Printer,Office,South,7,7896,484.76,Low,0.06139311
12-11-2022,Smartphone,Electronics,North,1,636,42.4,Low,0.066666667
05-08-2023,Laptop,Electronics,North,3,2031,450.23,Low,0.221678976
23-02-2022,Mouse,Accessories,West,9,3186,483.22,Low,0.151669805
06-05-2022,Headphones,Accessories,South,1,134,33.12,Low,0.247164179
27-04-2024,Tablet,Electronics,South,5,1765,347.42,Low,0.196838527
28-07-2023,Keyboard,Accessories,East,4,3628,717.81,Low,0.197852811
06-12-2024,Monitor,Accessories,West,4,1000,198.92,Low,0.19892
08-03-2023,Camera,Electronics,North,2,2134,119.89,Low,0.056180881
25-05-2023,Smartwatch,Electronics,North,7,6706,1687.22,Medium,0.251598568
03-11-2024,Laptop,Electronics,East,3,321,72.13,Low,0.22470405
19-02-2023,Camera,Electronics,South,3,3126,710.14,Low,0.227172105
05-11-2023,Monitor,Accessories,South,7,5446,697.21,Low,0.128022402
02-05-2023,Tablet,Electronics,East,1,1131,140.55,Low,0.124270557
24-07-2023,Printer,Office,East,2,1946,141.75,Low,0.072841727
16-09-2023,Laptop,Electronics,North,7,6818,1348.26,Medium,0.197750073
29-03-2023,Smartphone,Electronics,East,7,2317,677.61,Low,0.292451446
27-01-2023,Smartwatch,Electronics,East,6,396,89.51,Low,0.226035354
16-11-2023,Smartphone,Electronics,South,1,558,49.81,Low,0.089265233
21-03-2023,Smartphone,Electronics,East,9,2034,593.13,Low,0.29160767
01-06-2022,Mouse,Accessories,West,8,6080,1171.93,Medium,0.192751645
04-02-2023,Smartwatch,Electronics,East,2,1378,183.1,Low,0.13287373
04-03-2024,Monitor,Accessories,East,3,483,120.11,Low,0.248674948
19-10-2022,Keyboard,Accessories,South,8,7864,1615.58,Medium,0.20543998
27-01-2022,Printer,Office,North,2,1268,141.76,Low,0.111798107
06-10-2022,Printer,Office,West,6,3774,606.94,Low,0.16082141
16-09-2023,Smartwatch,Electronics,East,9,9090,727.64,Low,0.080048405
10-01-2024,Camera,Electronics,North,5,3720,1077.21,Medium,0.289572581
02-07-2022,Smartphone,Electronics,East,8,8896,1825.26,Medium,0.205177608
01-10-2024,Mouse,Accessories,South,4,3264,639.8,Low,0.196017157
04-03-2023,Printer,Office,West,2,146,15.48,Low,0.106027397
26-05-2024,Headphones,Accessories,East,3,1683,129.64,Low,0.077029115
10-01-2022,Camera,Electronics,West,7,6076,788.14,Low,0.129713627
19-07-2023,Smartwatch,Electronics,West,2,2388,492.54,Low,0.206256281
11-07-2023,Smartphone,Electronics,East,6,882,180.63,Low,0.204795918
05-06-2022,Laptop,Electronics,West,3,3561,206.87,Low,0.058093232
20-10-2024,Tablet,Electronics,East,7,3395,350.26,Low,0.103169367
31-01-2022,Smartphone,Electronics,South,6,3366,460.75,Low,0.136883541
30-11-2022,Mouse,Accessories,East,2,630,144.14,Low,0.228793651
14-07-2023,Camera,Electronics,South,1,440,34.74,Low,0.078954545
22-09-2024,Smartwatch,Electronics,East,6,6462,1466.15,Medium,0.22688796
29-12-2024,Monitor,Accessories,South,6,5004,1197.36,Medium,0.239280576
16-02-2022,Laptop,Electronics,South,8,1840,461.21,Low,0.250657609
06-11-2022,Tablet,Electronics,South,7,4466,763.14,Low,0.170877743
27-12-2022,Tablet,Electronics,South,6,3048,823.36,Low,0.270131234
03-06-2024,Mouse,Accessories,South,7,4977,516.7,Low,0.103817561
01-07-2022,Keyboard,Accessories,South,3,2010,387.31,Low,0.192691542
30-01-2022,Camera,Electronics,South,8,5352,1133.57,Medium,0.211803064
07-01-2024,Camera,Electronics,North,4,4136,294.21,Low,0.071133946
30-04-2022,Camera,Electronics,West,8,6336,439.42,Low,0.069352904
28-11-2023,Laptop,Electronics,East,9,5481,1540.75,Medium,0.281107462
15-10-2024,Camera,Electronics,West,6,6366,318.97,Low,0.050105247
20-09-2023,Printer,Office,West,1,623,81.24,Low,0.130401284
20-12-2024,Mouse,Accessories,South,3,237,49.94,Low,0.2107173
18-03-2022,Keyboard,Accessories,North,9,8370,1525.8,Medium,0.182293907
11-04-2023,Headphones,Accessories,South,5,4965,774.74,Low,0.156040282
04-08-2024,Camera,Electronics,South,7,7791,1844.69,Medium,0.236771916
29-09-2024,Smartphone,Electronics,West,1,158,32.89,Low,0.208164557
11-03-2023,Keyboard,Accessories,West,7,4347,712.79,Low,0.163972855
13-09-2022,Smartphone,Electronics,East,4,3364,527.28,Low,0.156741974
29-07-2023,Camera,Electronics,South,3,1098,77.81,Low,0.070865209
14-05-2022,Headphones,Accessories,West,3,1083,257.44,Low,0.237710065
09-09-2022,Laptop,Electronics,East,4,1628,314.96,Low,0.193464373
19-11-2024,Keyboard,Accessories,South,4,1472,387.27,Low,0.263091033
19-09-2024,Printer,Office,West,9,3753,1114.87,Medium,0.297061018
03-07-2023,Monitor,Accessories,South,6,6402,1602.79,Medium,0.250357701
17-04-2024,Monitor,Accessories,West,3,2565,510.73,Low,0.19911501
18-10-2024,Mouse,Accessories,South,3,2214,127.34,Low,0.057515808
16-06-2024,Monitor,Accessories,West,3,975,291.81,Low,0.299292308
14-10-2023,Printer,Office,East,8,3312,854.12,Low,0.257886473
12-10-2023,Printer,Office,East,1,267,41.85,Low,0.156741573
11-04-2022,Smartphone,Electronics,East,9,8145,2384.42,High,0.29274647
06-01-2022,Printer,Office,North,1,232,34.26,Low,0.147672414
06-10-2024,Smartphone,Electronics,North,3,300,38.44,Low,0.128133333
27-02-2024,Monitor,Accessories,East,2,2248,473.21,Low,0.210502669
10-10-2023,Monitor,Accessories,North,6,1614,166.62,Low,0.103234201
03-05-2022,Monitor,Accessories,West,2,1476,195.74,Low,0.132615176
05-11-2024,Printer,Office,South,5,4375,347.43,Low,0.079412571
03-09-2024,Smartwatch,Electronics,North,4,1064,263.48,Low,0.247631579
04-10-2022,Headphones,Accessories,North,6,1068,190.77,Low,0.178623596
17-12-2023,Keyboard,Accessories,East,1,190,27.43,Low,0.144368421
27-06-2022,Printer,Office,South,7,7868,862.38,Low,0.109605999
03-12-2024,Keyboard,Accessories,North,3,1239,143.35,Low,0.115698144
10-09-2023,Monitor,Accessories,East,2,1394,408.32,Low,0.292912482
07-02-2024,Smartphone,Electronics,North,5,2060,403.19,Low,0.195723301
09-06-2023,Laptop,Electronics,East,1,1060,57.26,Low,0.054018868
16-12-2022,Monitor,Accessories,North,7,7812,1478.43,Medium,0.189251152
17-06-2024,Camera,Electronics,North,7,7077,804.15,Low,0.113628656
10-06-2023,Smartphone,Electronics,West,7,5712,929.42,Low,0.162713585
22-01-2023,Printer,Office,North,6,4146,966.79,Low,0.233186204
18-06-2024,Tablet,Electronics,West,2,992,238.18,Low,0.240100806
13-04-2022,Smartwatch,Electronics,North,2,1756,165.6,Low,0.094305239
09-04-2023,Monitor,Accessories,West,4,3632,566.81,Low,0.156060022
17-03-2024,Headphones,Accessories,East,4,3912,550.09,Low,0.140616053
19-05-2023,Printer,Office,North,9,3123,741.23,Low,0.237345501
20-09-2022,Printer,Office,West,4,700,120.19,Low,0.1717
02-11-2022,Tablet,Electronics,South,8,408,83.16,Low,0.203823529
18-12-2022,Smartphone,Electronics,South,4,4056,768.81,Low,0.189548817
07-05-2024,Laptop,Electronics,West,1,770,121.75,Low,0.158116883
07-02-2022,Smartwatch,Electronics,North,3,531,73.35,Low,0.138135593
03-06-2023,Monitor,Accessories,South,5,280,79.77,Low,0.284892857
01-04-2024,Laptop,Electronics,East,7,4550,892.73,Low,0.196204396
07-04-2023,Smartwatch,Electronics,West,5,2480,601.66,Low,0.242604839
18-05-2022,Printer,Office,West,6,2604,305.73,Low,0.117407834
25-02-2022,Keyboard,Accessories,West,7,1351,310.03,Low,0.229481865
03-09-2023,Monitor,Accessories,South,5,4615,251,Low,0.054387866
22-03-2024,Mouse,Accessories,West,1,829,165.05,Low,0.199095296
15-03-2024,Camera,Electronics,West,3,177,43.41,Low,0.245254237
23-12-2022,Headphones,Accessories,West,1,1086,161.05,Low,0.148296501
26-04-2023,Laptop,Electronics,South,5,275,64.9,Low,0.236
15-12-2022,Mouse,Accessories,North,1,564,164.5,Low,0.291666667
13-08-2024,Keyboard,Accessories,South,2,684,71.39,Low,0.104371345
20-10-2023,Laptop,Electronics,South,4,2656,687.63,Low,0.258896837
12-07-2024,Laptop,Electronics,West,5,1190,346.79,Low,0.291420168
01-12-2024,Printer,Office,South,6,4854,510.88,Low,0.105249279
14-02-2024,Printer,Office,West,5,1060,217.96,Low,0.205622642
31-08-2024,Laptop,Electronics,South,3,1527,364.05,Low,0.238408644
19-10-2023,Mouse,Accessories,East,4,1168,177.54,Low,0.152003425
16-04-2023,Tablet,Electronics,South,8,6328,1257.81,Medium,0.198768963
17-06-2024,Smartphone,Electronics,North,3,2193,477.95,Low,0.217943456
28-04-2023,Smartwatch,Electronics,East,8,7600,1099.88,Medium,0.144721053
15-03-2023,Printer,Office,West,9,1764,322.11,Low,0.182602041
20-05-2022,Keyboard,Accessories,East,2,1270,84.29,Low,0.066370079
21-01-2023,Tablet,Electronics,North,1,607,33.77,Low,0.055634267
23-03-2023,Mouse,Accessories,South,2,1672,469.64,Low,0.280885167
28-06-2023,Keyboard,Accessories,South,6,5718,1358.26,Medium,0.237541098
30-04-2022,Headphones,Accessories,South,8,584,107.27,Low,0.183681507
24-03-2023,Camera,Electronics,West,7,7455,966.64,Low,0.129663313
25-03-2022,Keyboard,Accessories,North,7,7679,2270.08,High,0.295621826
02-06-2022,Tablet,Electronics,West,7,847,154.05,Low,0.181877214
31-07-2022,Mouse,Accessories,West,3,1278,178.78,Low,0.139890454
21-01-2024,Keyboard,Accessories,East,8,6592,1024.82,Medium,0.155464199
13-09-2023,Monitor,Accessories,East,8,3544,454.14,Low,0.128143341
19-12-2023,Camera,Electronics,West,3,1959,274.27,Low,0.140005105
02-08-2022,Mouse,Accessories,South,6,3384,924.03,Low,0.273058511
25-11-2023,Smartphone,Electronics,North,1,307,50.2,Low,0.163517915
29-07-2022,Camera,Electronics,West,9,10017,1468.72,Medium,0.146622741
04-11-2024,Tablet,Electronics,South,7,7931,504.39,Low,0.063597277
20-10-2024,Laptop,Electronics,North,2,1168,198.4,Low,0.169863014
19-03-2024,Smartphone,Electronics,South,9,9765,909.99,Low,0.09318894
21-09-2023,Tablet,Electronics,South,8,1456,271.26,Low,0.186304945
11-12-2022,Smartphone,Electronics,South,5,950,61.9,Low,0.065157895
24-06-2022,Smartwatch,Electronics,West,2,2314,600.76,Low,0.259619706
06-10-2023,Smartwatch,Electronics,North,1,915,264.3,Low,0.288852459
06-12-2022,Laptop,Electronics,North,1,290,61.14,Low,0.210827586
15-01-2022,Tablet,Electronics,North,7,3584,940.88,Low,0.262522321
04-03-2024,Mouse,Accessories,West,6,1254,205.57,Low,0.163931419
24-01-2023,Laptop,Electronics,North,5,2410,636.83,Low,0.264244813
01-10-2023,Printer,Office,North,2,800,118.68,Low,0.14835
28-06-2022,Smartwatch,Electronics,West,5,990,87.61,Low,0.088494949
14-05-2023,Laptop,Electronics,West,9,9702,2771.49,High,0.285661719
04-09-2023,Keyboard,Accessories,East,8,5888,354.27,Low,0.060168139
20-09-2023,Tablet,Electronics,East,4,1768,345.33,Low,0.195322398
01-06-2022,Headphones,Accessories,North,2,1022,76.04,Low,0.074403131
03-12-2023,Tablet,Electronics,North,3,2883,671.91,Low,0.233059313
15-02-2023,Monitor,Accessories,North,4,4064,771.16,Low,0.189753937
18-09-2022,Monitor,Accessories,East,1,1117,119.89,Low,0.10733214
12-04-2022,Laptop,Electronics,South,4,260,66.02,Low,0.253923077
18-01-2022,Printer,Office,South,3,222,50.28,Low,0.226486486
01-11-2024,Smartwatch,Electronics,East,9,10530,1777.32,Medium,0.168786325
